cp1x,cp1y,cp2x,cp2y,cp3x,cp3y,cp4x,cp4y,angleX,angleY,angleZ
0,0,488,0,500,87,-12,87,-80.0,0,0
0,0,488,0,500,129,-12,129,-75.0,0,0
0,0,489,0,500,171,-12,171,-70.0,0,0
0,0,489,0,500,211,-11,211,-65.0,0,0
0,0,489,0,500,250,-11,250,-60.0,0,0
0,0,490,0,500,287,-10,287,-55.0,0,0
0,0,491,0,500,322,-10,322,-50.0,0,0
0,0,491,0,500,354,-9,354,-45.0,0,0
0,0,492,0,500,383,-8,383,-40.0,0,0
0,0,493,0,500,410,-7,410,-35.0,0,0
0,0,494,0,500,433,-6,433,-30.0,0,0
0,0,495,0,500,453,-5,453,-25.0,0,0
0,0,496,0,500,470,-4,470,-20.0,0,0
0,0,497,0,500,483,-3,483,-15.0,0,0
0,0,498,0,500,492,-2,492,-10.0,0,0
0,0,499,0,500,498,-1,498,-5.0,0,0
0,0,500,0,500,500,0,500,0.0,0,0
0,0,501,0,500,498,1,498,5.0,0,0
0,0,502,0,500,492,2,492,10.0,0,0
0,0,503,0,500,483,3,483,15.0,0,0
0,0,504,0,500,470,4,470,20.0,0,0
0,0,505,0,500,453,5,453,25.0,0,0
0,0,506,0,500,433,6,433,30.0,0,0
0,0,507,0,500,410,7,410,35.0,0,0
0,0,508,0,500,383,8,383,40.0,0,0
0,0,509,0,500,354,9,354,45.0,0,0
0,0,510,0,500,322,10,322,50.0,0,0
0,0,510,0,500,287,10,287,55.0,0,0
0,0,511,0,500,250,11,250,60.0,0,0
0,0,512,0,500,211,11,211,65.0,0,0
0,0,512,0,500,171,12,171,70.0,0,0
0,0,512,0,500,129,12,129,75.0,0,0
0,0,513,0,500,87,12,87,80.0,0,0
0,0,87,12,87,500,0,513,-80.0,0,0
0,0,129,12,129,500,0,512,-75.0,0,0
0,0,171,12,171,500,0,512,-70.0,0,0
0,0,211,11,211,500,0,512,-65.0,0,0
0,0,250,11,250,500,0,511,-60.0,0,0
0,0,287,10,287,500,0,510,-55.0,0,0
0,0,322,10,322,500,0,510,-50.0,0,0
0,0,354,9,354,500,0,509,-45.0,0,0
0,0,383,8,383,500,0,508,-40.0,0,0
0,0,410,7,410,500,0,507,-35.0,0,0
0,0,433,6,433,500,0,506,-30.0,0,0
0,0,453,5,453,500,0,505,-25.0,0,0
0,0,470,4,470,500,0,504,-20.0,0,0
0,0,483,3,483,500,0,503,-15.0,0,0
0,0,492,2,492,500,0,502,-10.0,0,0
0,0,498,1,498,500,0,501,-5.0,0,0
0,0,500,0,500,500,0,500,0.0,0,0
0,0,498,-1,498,500,0,499,5.0,0,0
0,0,492,-2,492,500,0,498,10.0,0,0
0,0,483,-3,483,500,0,497,15.0,0,0
0,0,470,-4,470,500,0,496,20.0,0,0
0,0,453,-5,453,500,0,495,25.0,0,0
0,0,433,-6,433,500,0,494,30.0,0,0
0,0,410,-7,410,500,0,493,35.0,0,0
0,0,383,-8,383,500,0,492,40.0,0,0
0,0,354,-9,354,500,0,491,45.0,0,0
0,0,322,-10,322,500,0,491,50.0,0,0
0,0,287,-10,287,500,0,490,55.0,0,0
0,0,250,-11,250,500,0,489,60.0,0,0
0,0,211,-11,211,500,0,489,65.0,0,0
0,0,171,-12,171,500,0,489,70.0,0,0
0,0,129,-12,129,500,0,488,75.0,0,0
0,0,87,-12,87,500,0,488,80.0,0,0
0,0,493,0,505,89,-13,89,-80.0,0,0
0,0,493,0,505,132,-12,132,-75.0,0,0
0,0,493,0,505,174,-12,174,-70.0,0,0
0,0,493,0,505,215,-12,215,-65.0,0,0
0,0,494,0,505,255,-11,255,-60.0,0,0
0,0,494,0,504,292,-10,292,-55.0,0,0
0,0,494,0,504,326,-10,326,-50.0,0,0
0,0,495,0,504,359,-9,359,-45.0,0,0
0,0,495,0,503,388,-8,388,-40.0,0,0
0,0,496,0,503,414,-7,414,-35.0,0,0
0,0,496,0,503,437,-6,437,-30.0,0,0
0,0,497,0,502,457,-5,457,-25.0,0,0
0,0,497,0,502,473,-4,473,-20.0,0,0
0,0,498,0,501,485,-3,485,-15.0,0,0
0,0,499,0,501,494,-2,494,-10.0,0,0
0,0,499,0,500,499,-1,499,-5.0,0,0
0,0,500,0,500,500,0,500,0.0,0,0
0,0,501,0,500,497,1,497,5.0,0,0
0,0,501,0,499,491,2,491,10.0,0,0
0,0,502,0,499,480,3,480,15.0,0,0
0,0,503,0,498,467,4,467,20.0,0,0
0,0,503,0,498,449,5,449,25.0,0,0
0,0,504,0,498,429,6,429,30.0,0,0
0,0,504,0,497,405,7,405,35.0,0,0
0,0,505,0,497,378,8,378,40.0,0,0
0,0,505,0,497,349,9,349,45.0,0,0
0,0,506,0,496,317,9,317,50.0,0,0
0,0,506,0,496,282,10,282,55.0,0,0
0,0,507,0,496,246,11,246,60.0,0,0
0,0,507,0,496,208,11,208,65.0,0,0
0,0,507,0,496,168,12,168,70.0,0,0
0,0,507,0,496,127,12,127,75.0,0,0
0,0,507,0,495,85,12,85,80.0,0,0
0,0,87,7,87,495,0,513,-80.0,0,0
0,0,129,7,129,495,0,512,-75.0,0,0
0,0,171,7,171,496,0,512,-70.0,0,0
0,0,211,7,211,496,0,512,-65.0,0,0
0,0,250,6,250,496,0,511,-60.0,0,0
0,0,287,6,287,496,0,510,-55.0,0,0
0,0,322,6,322,496,0,510,-50.0,0,0
0,0,354,5,354,497,0,509,-45.0,0,0
0,0,383,5,383,497,0,508,-40.0,0,0
0,0,410,4,410,497,0,507,-35.0,0,0
0,0,433,4,433,498,0,506,-30.0,0,0
0,0,453,3,453,498,0,505,-25.0,0,0
0,0,470,3,470,498,0,504,-20.0,0,0
0,0,483,2,483,499,0,503,-15.0,0,0
0,0,492,1,492,499,0,502,-10.0,0,0
0,0,498,1,498,500,0,501,-5.0,0,0
0,0,500,0,500,500,0,500,0.0,0,0
0,0,498,-1,498,500,0,499,5.0,0,0
0,0,492,-1,492,501,0,498,10.0,0,0
0,0,483,-2,483,501,0,497,15.0,0,0
0,0,470,-3,470,502,0,496,20.0,0,0
0,0,453,-3,453,502,0,495,25.0,0,0
0,0,433,-4,433,503,0,494,30.0,0,0
0,0,410,-4,410,503,0,493,35.0,0,0
0,0,383,-5,383,503,0,492,40.0,0,0
0,0,354,-5,354,504,0,491,45.0,0,0
0,0,322,-6,322,504,0,491,50.0,0,0
0,0,287,-6,287,504,0,490,55.0,0,0
0,0,250,-6,250,505,0,489,60.0,0,0
0,0,211,-7,211,505,0,489,65.0,0,0
0,0,171,-7,171,505,0,489,70.0,0,0
0,0,129,-7,129,505,0,488,75.0,0,0
0,0,87,-7,87,505,0,488,80.0,0,0
0,0,488,0,505,87,-7,87,-80.0,0,0
0,0,488,0,505,129,-7,129,-75.0,0,0
0,0,489,0,505,171,-7,171,-70.0,0,0
0,0,489,0,505,211,-7,211,-65.0,0,0
0,0,489,0,505,250,-6,250,-60.0,0,0
0,0,490,0,504,287,-6,287,-55.0,0,0
0,0,491,0,504,322,-6,322,-50.0,0,0
0,0,491,0,504,354,-5,354,-45.0,0,0
0,0,492,0,503,383,-5,383,-40.0,0,0
0,0,493,0,503,410,-4,410,-35.0,0,0
0,0,494,0,503,433,-4,433,-30.0,0,0
0,0,495,0,502,453,-3,453,-25.0,0,0
0,0,496,0,502,470,-3,470,-20.0,0,0
0,0,497,0,501,483,-2,483,-15.0,0,0
0,0,498,0,501,492,-1,492,-10.0,0,0
0,0,499,0,500,498,-1,498,-5.0,0,0
0,0,500,0,500,500,0,500,0.0,0,0
0,0,501,0,500,498,1,498,5.0,0,0
0,0,502,0,499,492,1,492,10.0,0,0
0,0,503,0,499,483,2,483,15.0,0,0
0,0,504,0,498,470,3,470,20.0,0,0
0,0,505,0,498,453,3,453,25.0,0,0
0,0,506,0,498,433,4,433,30.0,0,0
0,0,507,0,497,410,4,410,35.0,0,0
0,0,508,0,497,383,5,383,40.0,0,0
0,0,509,0,497,354,5,354,45.0,0,0
0,0,510,0,496,322,6,322,50.0,0,0
0,0,510,0,496,287,6,287,55.0,0,0
0,0,511,0,496,250,6,250,60.0,0,0
0,0,512,0,496,211,7,211,65.0,0,0
0,0,512,0,496,171,7,171,70.0,0,0
0,0,512,0,495,129,7,129,75.0,0,0
0,0,513,0,495,87,7,87,80.0,0,0
0,0,85,12,85,495,0,507,-80.0,0,0
0,0,127,12,127,496,0,507,-75.0,0,0
0,0,168,12,168,496,0,507,-70.0,0,0
0,0,208,11,208,496,0,507,-65.0,0,0
0,0,246,11,246,496,0,507,-60.0,0,0
0,0,282,10,282,496,0,506,-55.0,0,0
0,0,317,9,317,496,0,506,-50.0,0,0
0,0,349,9,349,497,0,505,-45.0,0,0
0,0,378,8,378,497,0,505,-40.0,0,0
0,0,405,7,405,497,0,504,-35.0,0,0
0,0,429,6,429,498,0,504,-30.0,0,0
0,0,449,5,449,498,0,503,-25.0,0,0
0,0,467,4,467,498,0,503,-20.0,0,0
0,0,480,3,480,499,0,502,-15.0,0,0
0,0,491,2,491,499,0,501,-10.0,0,0
0,0,497,1,497,500,0,501,-5.0,0,0
0,0,500,0,500,500,0,500,0.0,0,0
0,0,499,-1,499,500,0,499,5.0,0,0
0,0,494,-2,494,501,0,499,10.0,0,0
0,0,485,-3,485,501,0,498,15.0,0,0
0,0,473,-4,473,502,0,497,20.0,0,0
0,0,457,-5,457,502,0,497,25.0,0,0
0,0,437,-6,437,503,0,496,30.0,0,0
0,0,414,-7,414,503,0,496,35.0,0,0
0,0,388,-8,388,503,0,495,40.0,0,0
0,0,359,-9,359,504,0,495,45.0,0,0
0,0,326,-10,326,504,0,494,50.0,0,0
0,0,292,-10,292,504,0,494,55.0,0,0
0,0,255,-11,255,505,0,494,60.0,0,0
0,0,215,-12,215,505,0,493,65.0,0,0
0,0,174,-12,174,505,0,493,70.0,0,0
0,0,132,-12,132,505,0,493,75.0,0,0
0,0,89,-13,89,505,0,493,80.0,0,0
0,0,493,0,510,89,-8,89,-80.0,0,0
0,0,493,0,510,132,-7,132,-75.0,0,0
0,0,493,0,510,174,-7,174,-70.0,0,0
0,0,493,0,509,215,-7,215,-65.0,0,0
0,0,494,0,509,255,-7,255,-60.0,0,0
0,0,494,0,509,292,-6,292,-55.0,0,0
0,0,494,0,508,326,-6,326,-50.0,0,0
0,0,495,0,507,359,-5,359,-45.0,0,0
0,0,495,0,507,388,-5,388,-40.0,0,0
0,0,496,0,506,414,-4,414,-35.0,0,0
0,0,496,0,505,437,-4,437,-30.0,0,0
0,0,497,0,504,457,-3,457,-25.0,0,0
0,0,497,0,503,473,-3,473,-20.0,0,0
0,0,498,0,503,485,-2,485,-15.0,0,0
0,0,499,0,502,494,-1,494,-10.0,0,0
0,0,499,0,501,499,-1,499,-5.0,0,0
0,0,500,0,500,500,0,500,0.0,0,0
0,0,501,0,499,497,1,497,5.0,0,0
0,0,501,0,498,491,1,491,10.0,0,0
0,0,502,0,497,480,2,480,15.0,0,0
0,0,503,0,497,467,3,467,20.0,0,0
0,0,503,0,496,449,3,449,25.0,0,0
0,0,504,0,495,429,4,429,30.0,0,0
0,0,504,0,494,405,4,405,35.0,0,0
0,0,505,0,494,378,5,378,40.0,0,0
0,0,505,0,493,349,5,349,45.0,0,0
0,0,506,0,493,317,6,317,50.0,0,0
0,0,506,0,492,282,6,282,55.0,0,0
0,0,507,0,492,246,6,246,60.0,0,0
0,0,507,0,491,208,7,208,65.0,0,0
0,0,507,0,491,168,7,168,70.0,0,0
0,0,507,0,491,127,7,127,75.0,0,0
0,0,507,0,491,85,7,85,80.0,0,0
0,0,85,7,85,491,0,507,-80.0,0,0
0,0,127,7,127,491,0,507,-75.0,0,0
0,0,168,7,168,491,0,507,-70.0,0,0
0,0,208,7,208,491,0,507,-65.0,0,0
0,0,246,6,246,492,0,507,-60.0,0,0
0,0,282,6,282,492,0,506,-55.0,0,0
0,0,317,6,317,493,0,506,-50.0,0,0
0,0,349,5,349,493,0,505,-45.0,0,0
0,0,378,5,378,494,0,505,-40.0,0,0
0,0,405,4,405,494,0,504,-35.0,0,0
0,0,429,4,429,495,0,504,-30.0,0,0
0,0,449,3,449,496,0,503,-25.0,0,0
0,0,467,3,467,497,0,503,-20.0,0,0
0,0,480,2,480,497,0,502,-15.0,0,0
0,0,491,1,491,498,0,501,-10.0,0,0
0,0,497,1,497,499,0,501,-5.0,0,0
0,0,500,0,500,500,0,500,0.0,0,0
0,0,499,-1,499,501,0,499,5.0,0,0
0,0,494,-1,494,502,0,499,10.0,0,0
0,0,485,-2,485,503,0,498,15.0,0,0
0,0,473,-3,473,503,0,497,20.0,0,0
0,0,457,-3,457,504,0,497,25.0,0,0
0,0,437,-4,437,505,0,496,30.0,0,0
0,0,414,-4,414,506,0,496,35.0,0,0
0,0,388,-5,388,507,0,495,40.0,0,0
0,0,359,-5,359,507,0,495,45.0,0,0
0,0,326,-6,326,508,0,494,50.0,0,0
0,0,292,-6,292,509,0,494,55.0,0,0
0,0,255,-7,255,509,0,494,60.0,0,0
0,0,215,-7,215,509,0,493,65.0,0,0
0,0,174,-7,174,510,0,493,70.0,0,0
0,0,132,-7,132,510,0,493,75.0,0,0
0,0,89,-8,89,510,0,493,80.0,0,0
0,0,493,0,500,89,-18,89,-80.0,0,0
0,0,493,0,500,132,-17,132,-75.0,0,0
0,0,493,0,500,174,-17,174,-70.0,0,0
0,0,493,0,500,215,-16,215,-65.0,0,0
0,0,494,0,500,255,-15,255,-60.0,0,0
0,0,494,0,500,292,-15,292,-55.0,0,0
0,0,494,0,500,326,-14,326,-50.0,0,0
0,0,495,0,500,359,-13,359,-45.0,0,0
0,0,495,0,500,388,-11,388,-40.0,0,0
0,0,496,0,500,414,-10,414,-35.0,0,0
0,0,496,0,500,437,-9,437,-30.0,0,0
0,0,497,0,500,457,-7,457,-25.0,0,0
0,0,497,0,500,473,-6,473,-20.0,0,0
0,0,498,0,500,485,-5,485,-15.0,0,0
0,0,499,0,500,494,-3,494,-10.0,0,0
0,0,499,0,500,499,-2,499,-5.0,0,0
0,0,500,0,500,500,0,500,0.0,0,0
0,0,501,0,500,497,2,497,5.0,0,0
0,0,501,0,500,491,3,491,10.0,0,0
0,0,502,0,500,480,5,480,15.0,0,0
0,0,503,0,500,467,6,467,20.0,0,0
0,0,503,0,500,449,7,449,25.0,0,0
0,0,504,0,500,429,9,429,30.0,0,0
0,0,504,0,500,405,10,405,35.0,0,0
0,0,505,0,500,378,11,378,40.0,0,0
0,0,505,0,500,349,12,349,45.0,0,0
0,0,506,0,500,317,13,317,50.0,0,0
0,0,506,0,500,282,14,282,55.0,0,0
0,0,507,0,500,246,15,246,60.0,0,0
0,0,507,0,500,208,16,208,65.0,0,0
0,0,507,0,500,168,16,168,70.0,0,0
0,0,507,0,500,127,17,127,75.0,0,0
0,0,507,0,500,85,17,85,80.0,0,0
0,0,89,8,89,500,0,518,-80.0,0,0
0,0,132,7,132,500,0,517,-75.0,0,0
0,0,174,7,174,500,0,517,-70.0,0,0
0,0,215,7,215,500,0,516,-65.0,0,0
0,0,255,7,255,500,0,516,-60.0,0,0
0,0,292,6,292,500,0,515,-55.0,0,0
0,0,326,6,326,500,0,514,-50.0,0,0
0,0,359,5,359,500,0,513,-45.0,0,0
0,0,388,5,388,500,0,512,-40.0,0,0
0,0,414,4,414,500,0,510,-35.0,0,0
0,0,437,4,437,500,0,509,-30.0,0,0
0,0,457,3,457,500,0,508,-25.0,0,0
0,0,473,3,473,500,0,506,-20.0,0,0
0,0,485,2,485,500,0,505,-15.0,0,0
0,0,494,1,494,500,0,503,-10.0,0,0
0,0,499,1,499,500,0,502,-5.0,0,0
0,0,500,0,500,500,0,500,0.0,0,0
0,0,497,-1,497,500,0,498,5.0,0,0
0,0,491,-1,491,500,0,497,10.0,0,0
0,0,480,-2,480,500,0,496,15.0,0,0
0,0,467,-3,467,500,0,494,20.0,0,0
0,0,449,-3,449,500,0,493,25.0,0,0
0,0,429,-4,429,500,0,491,30.0,0,0
0,0,405,-4,405,500,0,490,35.0,0,0
0,0,378,-5,378,500,0,489,40.0,0,0
0,0,349,-5,349,500,0,488,45.0,0,0
0,0,317,-6,317,500,0,487,50.0,0,0
0,0,282,-6,282,500,0,486,55.0,0,0
0,0,246,-6,246,500,0,485,60.0,0,0
0,0,208,-7,208,500,0,485,65.0,0,0
0,0,168,-7,168,500,0,484,70.0,0,0
0,0,127,-7,127,500,0,484,75.0,0,0
0,0,85,-7,85,500,0,483,80.0,0,0
0,0,483,0,500,85,-7,85,-80.0,0,0
0,0,484,0,500,127,-7,127,-75.0,0,0
0,0,484,0,500,168,-7,168,-70.0,0,0
0,0,485,0,500,208,-7,208,-65.0,0,0
0,0,485,0,500,246,-6,246,-60.0,0,0
0,0,486,0,500,282,-6,282,-55.0,0,0
0,0,487,0,500,317,-6,317,-50.0,0,0
0,0,488,0,500,349,-5,349,-45.0,0,0
0,0,489,0,500,378,-5,378,-40.0,0,0
0,0,490,0,500,405,-4,405,-35.0,0,0
0,0,491,0,500,429,-4,429,-30.0,0,0
0,0,493,0,500,449,-3,449,-25.0,0,0
0,0,494,0,500,467,-3,467,-20.0,0,0
0,0,496,0,500,480,-2,480,-15.0,0,0
0,0,497,0,500,491,-1,491,-10.0,0,0
0,0,498,0,500,497,-1,497,-5.0,0,0
0,0,500,0,500,500,0,500,0.0,0,0
0,0,502,0,500,499,1,499,5.0,0,0
0,0,503,0,500,494,1,494,10.0,0,0
0,0,505,0,500,485,2,485,15.0,0,0
0,0,506,0,500,473,3,473,20.0,0,0
0,0,508,0,500,457,3,457,25.0,0,0
0,0,509,0,500,437,4,437,30.0,0,0
0,0,510,0,500,414,4,414,35.0,0,0
0,0,512,0,500,388,5,388,40.0,0,0
0,0,513,0,500,359,5,359,45.0,0,0
0,0,514,0,500,326,6,326,50.0,0,0
0,0,515,0,500,292,6,292,55.0,0,0
0,0,516,0,500,255,7,255,60.0,0,0
0,0,516,0,500,215,7,215,65.0,0,0
0,0,517,0,500,174,7,174,70.0,0,0
0,0,517,0,500,132,7,132,75.0,0,0
0,0,518,0,500,89,8,89,80.0,0,0
0,0,85,17,85,500,0,507,-80.0,0,0
0,0,127,17,127,500,0,507,-75.0,0,0
0,0,168,16,168,500,0,507,-70.0,0,0
0,0,208,16,208,500,0,507,-65.0,0,0
0,0,246,15,246,500,0,507,-60.0,0,0
0,0,282,14,282,500,0,506,-55.0,0,0
0,0,317,13,317,500,0,506,-50.0,0,0
0,0,349,12,349,500,0,505,-45.0,0,0
0,0,378,11,378,500,0,505,-40.0,0,0
0,0,405,10,405,500,0,504,-35.0,0,0
0,0,429,9,429,500,0,504,-30.0,0,0
0,0,449,7,449,500,0,503,-25.0,0,0
0,0,467,6,467,500,0,503,-20.0,0,0
0,0,480,5,480,500,0,502,-15.0,0,0
0,0,491,3,491,500,0,501,-10.0,0,0
0,0,497,2,497,500,0,501,-5.0,0,0
0,0,500,0,500,500,0,500,0.0,0,0
0,0,499,-2,499,500,0,499,5.0,0,0
0,0,494,-3,494,500,0,499,10.0,0,0
0,0,485,-5,485,500,0,498,15.0,0,0
0,0,473,-6,473,500,0,497,20.0,0,0
0,0,457,-7,457,500,0,497,25.0,0,0
0,0,437,-9,437,500,0,496,30.0,0,0
0,0,414,-10,414,500,0,496,35.0,0,0
0,0,388,-11,388,500,0,495,40.0,0,0
0,0,359,-13,359,500,0,495,45.0,0,0
0,0,326,-14,326,500,0,494,50.0,0,0
0,0,292,-15,292,500,0,494,55.0,0,0
0,0,255,-15,255,500,0,494,60.0,0,0
0,0,215,-16,215,500,0,493,65.0,0,0
0,0,174,-17,174,500,0,493,70.0,0,0
0,0,132,-17,132,500,0,493,75.0,0,0
0,0,89,-18,89,500,0,493,80.0,0,0
0,0,483,0,491,85,-17,85,-80.0,0,0
0,0,484,0,491,127,-17,127,-75.0,0,0
0,0,484,0,491,168,-16,168,-70.0,0,0
0,0,485,0,491,208,-16,208,-65.0,0,0
0,0,485,0,492,246,-15,246,-60.0,0,0
0,0,486,0,492,282,-14,282,-55.0,0,0
0,0,487,0,493,317,-13,317,-50.0,0,0
0,0,488,0,493,349,-12,349,-45.0,0,0
0,0,489,0,494,378,-11,378,-40.0,0,0
0,0,490,0,494,405,-10,405,-35.0,0,0
0,0,491,0,495,429,-9,429,-30.0,0,0
0,0,493,0,496,449,-7,449,-25.0,0,0
0,0,494,0,497,467,-6,467,-20.0,0,0
0,0,496,0,497,480,-5,480,-15.0,0,0
0,0,497,0,498,491,-3,491,-10.0,0,0
0,0,498,0,499,497,-2,497,-5.0,0,0
0,0,500,0,500,500,0,500,0.0,0,0
0,0,502,0,501,499,2,499,5.0,0,0
0,0,503,0,502,494,3,494,10.0,0,0
0,0,505,0,503,485,5,485,15.0,0,0
0,0,506,0,503,473,6,473,20.0,0,0
0,0,508,0,504,457,7,457,25.0,0,0
0,0,509,0,505,437,9,437,30.0,0,0
0,0,510,0,506,414,10,414,35.0,0,0
0,0,512,0,507,388,11,388,40.0,0,0
0,0,513,0,507,359,13,359,45.0,0,0
0,0,514,0,508,326,14,326,50.0,0,0
0,0,515,0,509,292,15,292,55.0,0,0
0,0,516,0,509,255,15,255,60.0,0,0
0,0,516,0,509,215,16,215,65.0,0,0
0,0,517,0,510,174,17,174,70.0,0,0
0,0,517,0,510,132,17,132,75.0,0,0
0,0,518,0,510,89,18,89,80.0,0,0
0,0,89,18,89,510,0,518,-80.0,0,0
0,0,132,17,132,510,0,517,-75.0,0,0
0,0,174,17,174,510,0,517,-70.0,0,0
0,0,215,16,215,509,0,516,-65.0,0,0
0,0,255,15,255,509,0,516,-60.0,0,0
0,0,292,15,292,509,0,515,-55.0,0,0
0,0,326,14,326,508,0,514,-50.0,0,0
0,0,359,13,359,507,0,513,-45.0,0,0
0,0,388,11,388,507,0,512,-40.0,0,0
0,0,414,10,414,506,0,510,-35.0,0,0
0,0,437,9,437,505,0,509,-30.0,0,0
0,0,457,7,457,504,0,508,-25.0,0,0
0,0,473,6,473,503,0,506,-20.0,0,0
0,0,485,5,485,503,0,505,-15.0,0,0
0,0,494,3,494,502,0,503,-10.0,0,0
0,0,499,2,499,501,0,502,-5.0,0,0
0,0,500,0,500,500,0,500,0.0,0,0
0,0,497,-2,497,499,0,498,5.0,0,0
0,0,491,-3,491,498,0,497,10.0,0,0
0,0,480,-5,480,497,0,496,15.0,0,0
0,0,467,-6,467,497,0,494,20.0,0,0
0,0,449,-7,449,496,0,493,25.0,0,0
0,0,429,-9,429,495,0,491,30.0,0,0
0,0,405,-10,405,494,0,490,35.0,0,0
0,0,378,-11,378,494,0,489,40.0,0,0
0,0,349,-12,349,493,0,488,45.0,0,0
0,0,317,-13,317,493,0,487,50.0,0,0
0,0,282,-14,282,492,0,486,55.0,0,0
0,0,246,-15,246,492,0,485,60.0,0,0
0,0,208,-16,208,491,0,485,65.0,0,0
0,0,168,-16,168,491,0,484,70.0,0,0
0,0,127,-17,127,491,0,484,75.0,0,0
0,0,85,-17,85,491,0,483,80.0,0,0
0,0,498,0,510,90,-13,90,-80.0,0,0
0,0,498,0,510,135,-13,135,-75.0,0,0
0,0,498,0,510,178,-12,178,-70.0,0,0
0,0,498,0,510,219,-12,219,-65.0,0,0
0,0,498,0,509,259,-11,259,-60.0,0,0
0,0,498,0,509,297,-11,297,-55.0,0,0
0,0,498,0,508,332,-10,332,-50.0,0,0
0,0,498,0,507,364,-9,364,-45.0,0,0
0,0,498,0,507,393,-8,393,-40.0,0,0
0,0,499,0,506,419,-7,419,-35.0,0,0
0,0,499,0,505,442,-6,442,-30.0,0,0
0,0,499,0,504,461,-5,461,-25.0,0,0
0,0,499,0,503,476,-4,476,-20.0,0,0
0,0,499,0,503,488,-3,488,-15.0,0,0
0,0,500,0,502,496,-2,496,-10.0,0,0
0,0,500,0,501,500,-1,500,-5.0,0,0
0,0,500,0,500,500,0,500,0.0,0,0
0,0,500,0,499,496,1,496,5.0,0,0
0,0,500,0,498,489,2,489,10.0,0,0
0,0,501,0,497,478,3,478,15.0,0,0
0,0,501,0,497,464,4,464,20.0,0,0
0,0,501,0,496,446,5,446,25.0,0,0
0,0,501,0,495,425,6,425,30.0,0,0
0,0,501,0,494,400,7,400,35.0,0,0
0,0,502,0,494,373,8,373,40.0,0,0
0,0,502,0,493,344,9,344,45.0,0,0
0,0,502,0,493,312,9,312,50.0,0,0
0,0,502,0,492,278,10,278,55.0,0,0
0,0,502,0,492,242,10,242,60.0,0,0
0,0,502,0,491,204,11,204,65.0,0,0
0,0,502,0,491,165,11,165,70.0,0,0
0,0,502,0,491,125,12,125,75.0,0,0
0,0,502,0,491,84,12,84,80.0,0,0
0,0,87,2,87,490,0,513,-80.0,0,0
0,0,129,2,129,491,0,512,-75.0,0,0
0,0,171,2,171,491,0,512,-70.0,0,0
0,0,211,2,211,491,0,512,-65.0,0,0
0,0,250,2,250,492,0,511,-60.0,0,0
0,0,287,2,287,492,0,510,-55.0,0,0
0,0,322,2,322,493,0,510,-50.0,0,0
0,0,354,2,354,493,0,509,-45.0,0,0
0,0,383,2,383,494,0,508,-40.0,0,0
0,0,410,1,410,494,0,507,-35.0,0,0
0,0,433,1,433,495,0,506,-30.0,0,0
0,0,453,1,453,496,0,505,-25.0,0,0
0,0,470,1,470,497,0,504,-20.0,0,0
0,0,483,1,483,497,0,503,-15.0,0,0
0,0,492,0,492,498,0,502,-10.0,0,0
0,0,498,0,498,499,0,501,-5.0,0,0
0,0,500,0,500,500,0,500,0.0,0,0
0,0,498,0,498,501,0,499,5.0,0,0
0,0,492,0,492,502,0,498,10.0,0,0
0,0,483,-1,483,503,0,497,15.0,0,0
0,0,470,-1,470,503,0,496,20.0,0,0
0,0,453,-1,453,504,0,495,25.0,0,0
0,0,433,-1,433,505,0,494,30.0,0,0
0,0,410,-1,410,506,0,493,35.0,0,0
0,0,383,-2,383,507,0,492,40.0,0,0
0,0,354,-2,354,507,0,491,45.0,0,0
0,0,322,-2,322,508,0,491,50.0,0,0
0,0,287,-2,287,508,0,490,55.0,0,0
0,0,250,-2,250,509,0,489,60.0,0,0
0,0,211,-2,211,509,0,489,65.0,0,0
0,0,171,-2,171,510,0,489,70.0,0,0
0,0,129,-2,129,510,0,488,75.0,0,0
0,0,488,0,510,129,-2,129,-75.0,0,0
0,0,489,0,510,171,-2,171,-70.0,0,0
0,0,489,0,509,211,-2,211,-65.0,0,0
0,0,489,0,509,250,-2,250,-60.0,0,0
0,0,490,0,508,287,-2,287,-55.0,0,0
0,0,491,0,508,322,-2,322,-50.0,0,0
0,0,491,0,507,354,-2,354,-45.0,0,0
0,0,492,0,507,383,-2,383,-40.0,0,0
0,0,493,0,506,410,-1,410,-35.0,0,0
0,0,494,0,505,433,-1,433,-30.0,0,0
0,0,495,0,504,453,-1,453,-25.0,0,0
0,0,496,0,503,470,-1,470,-20.0,0,0
0,0,497,0,503,483,-1,483,-15.0,0,0
0,0,498,0,502,492,0,492,-10.0,0,0
0,0,499,0,501,498,0,498,-5.0,0,0
0,0,500,0,500,500,0,500,0.0,0,0
0,0,501,0,499,498,0,498,5.0,0,0
0,0,502,0,498,492,0,492,10.0,0,0
0,0,503,0,497,483,1,483,15.0,0,0
0,0,504,0,497,470,1,470,20.0,0,0
0,0,505,0,496,453,1,453,25.0,0,0
0,0,506,0,495,433,1,433,30.0,0,0
0,0,507,0,494,410,1,410,35.0,0,0
0,0,508,0,494,383,2,383,40.0,0,0
0,0,509,0,493,354,2,354,45.0,0,0
0,0,510,0,493,322,2,322,50.0,0,0
0,0,510,0,492,287,2,287,55.0,0,0
0,0,511,0,492,250,2,250,60.0,0,0
0,0,512,0,491,211,2,211,65.0,0,0
0,0,512,0,491,171,2,171,70.0,0,0
0,0,512,0,491,129,2,129,75.0,0,0
0,0,513,0,490,87,2,87,80.0,0,0
0,0,84,12,84,491,0,502,-80.0,0,0
0,0,125,12,125,491,0,502,-75.0,0,0
0,0,165,11,165,491,0,502,-70.0,0,0
0,0,204,11,204,491,0,502,-65.0,0,0
0,0,242,10,242,492,0,502,-60.0,0,0
0,0,278,10,278,492,0,502,-55.0,0,0
0,0,312,9,312,493,0,502,-50.0,0,0
0,0,344,9,344,493,0,502,-45.0,0,0
0,0,373,8,373,494,0,502,-40.0,0,0
0,0,400,7,400,494,0,501,-35.0,0,0
0,0,425,6,425,495,0,501,-30.0,0,0
0,0,446,5,446,496,0,501,-25.0,0,0
0,0,464,4,464,497,0,501,-20.0,0,0
0,0,478,3,478,497,0,501,-15.0,0,0
0,0,489,2,489,498,0,500,-10.0,0,0
0,0,496,1,496,499,0,500,-5.0,0,0
0,0,500,0,500,500,0,500,0.0,0,0
0,0,500,-1,500,501,0,500,5.0,0,0
0,0,496,-2,496,502,0,500,10.0,0,0
0,0,488,-3,488,503,0,499,15.0,0,0
0,0,476,-4,476,503,0,499,20.0,0,0
0,0,461,-5,461,504,0,499,25.0,0,0
0,0,442,-6,442,505,0,499,30.0,0,0
0,0,419,-7,419,506,0,499,35.0,0,0
0,0,393,-8,393,507,0,498,40.0,0,0
0,0,364,-9,364,507,0,498,45.0,0,0
0,0,332,-10,332,508,0,498,50.0,0,0
0,0,297,-11,297,509,0,498,55.0,0,0
0,0,259,-11,259,509,0,498,60.0,0,0
0,0,219,-12,219,510,0,498,65.0,0,0
0,0,178,-12,178,510,0,498,70.0,0,0
0,0,135,-13,135,510,0,498,75.0,0,0
0,0,90,-13,90,510,0,498,80.0,0,0
0,0,498,0,521,90,-3,90,-80.0,0,0
0,0,498,0,520,135,-3,135,-75.0,0,0
0,0,498,0,520,178,-2,178,-70.0,0,0
0,0,498,0,519,219,-2,219,-65.0,0,0
0,0,498,0,518,259,-2,259,-60.0,0,0
0,0,498,0,517,297,-2,297,-55.0,0,0
0,0,498,0,516,332,-2,332,-50.0,0,0
0,0,498,0,515,364,-2,364,-45.0,0,0
0,0,498,0,513,393,-2,393,-40.0,0,0
0,0,499,0,512,419,-1,419,-35.0,0,0
0,0,499,0,510,442,-1,442,-30.0,0,0
0,0,499,0,509,461,-1,461,-25.0,0,0
0,0,499,0,507,476,-1,476,-20.0,0,0
0,0,499,0,505,488,-1,488,-15.0,0,0
0,0,500,0,504,496,0,496,-10.0,0,0
0,0,500,0,502,500,0,500,-5.0,0,0
0,0,500,0,500,500,0,500,0.0,0,0
0,0,500,0,498,496,0,496,5.0,0,0
0,0,500,0,497,489,0,489,10.0,0,0
0,0,501,0,495,478,1,478,15.0,0,0
0,0,501,0,493,464,1,464,20.0,0,0
0,0,501,0,492,446,1,446,25.0,0,0
0,0,501,0,490,425,1,425,30.0,0,0
0,0,501,0,489,400,1,400,35.0,0,0
0,0,502,0,488,373,2,373,40.0,0,0
0,0,502,0,486,344,2,344,45.0,0,0
0,0,502,0,485,312,2,312,50.0,0,0
0,0,502,0,484,278,2,278,55.0,0,0
0,0,502,0,483,242,2,242,60.0,0,0
0,0,502,0,483,204,2,204,65.0,0,0
0,0,502,0,482,165,2,165,70.0,0,0
0,0,502,0,481,125,2,125,75.0,0,0
0,0,502,0,481,84,2,84,80.0,0,0
0,0,84,2,84,481,0,502,-80.0,0,0
0,0,125,2,125,481,0,502,-75.0,0,0
0,0,165,2,165,482,0,502,-70.0,0,0
0,0,204,2,204,483,0,502,-65.0,0,0
0,0,242,2,242,483,0,502,-60.0,0,0
0,0,278,2,278,484,0,502,-55.0,0,0
0,0,312,2,312,485,0,502,-50.0,0,0
0,0,344,2,344,486,0,502,-45.0,0,0
0,0,373,2,373,488,0,502,-40.0,0,0
0,0,400,1,400,489,0,501,-35.0,0,0
0,0,425,1,425,490,0,501,-30.0,0,0
0,0,446,1,446,492,0,501,-25.0,0,0
0,0,464,1,464,493,0,501,-20.0,0,0
0,0,478,1,478,495,0,501,-15.0,0,0
0,0,489,0,489,497,0,500,-10.0,0,0
0,0,496,0,496,498,0,500,-5.0,0,0
0,0,500,0,500,500,0,500,0.0,0,0
0,0,500,0,500,502,0,500,5.0,0,0
0,0,496,0,496,504,0,500,10.0,0,0
0,0,488,-1,488,505,0,499,15.0,0,0
0,0,476,-1,476,507,0,499,20.0,0,0
0,0,461,-1,461,509,0,499,25.0,0,0
0,0,442,-1,442,510,0,499,30.0,0,0
0,0,419,-1,419,512,0,499,35.0,0,0
0,0,393,-2,393,513,0,498,40.0,0,0
0,0,364,-2,364,515,0,498,45.0,0,0
0,0,332,-2,332,516,0,498,50.0,0,0
0,0,297,-2,297,517,0,498,55.0,0,0
0,0,259,-2,259,518,0,498,60.0,0,0
0,0,219,-2,219,519,0,498,65.0,0,0
0,0,178,-2,178,520,0,498,70.0,0,0
0,0,135,-3,135,520,0,498,75.0,0,0
0,0,90,-3,90,521,0,498,80.0,0,0
0,0,498,0,500,90,-23,90,-80.0,0,0
0,0,498,0,500,135,-23,135,-75.0,0,0
0,0,498,0,500,178,-22,178,-70.0,0,0
0,0,498,0,500,219,-21,219,-65.0,0,0
0,0,498,0,500,259,-20,259,-60.0,0,0
0,0,498,0,500,297,-19,297,-55.0,0,0
0,0,498,0,500,332,-18,332,-50.0,0,0
0,0,498,0,500,364,-16,364,-45.0,0,0
0,0,498,0,500,393,-15,393,-40.0,0,0
0,0,499,0,500,419,-13,419,-35.0,0,0
0,0,499,0,500,442,-11,442,-30.0,0,0
0,0,499,0,500,461,-10,461,-25.0,0,0
0,0,499,0,500,476,-8,476,-20.0,0,0
0,0,499,0,500,488,-6,488,-15.0,0,0
0,0,500,0,500,496,-4,496,-10.0,0,0
0,0,500,0,500,500,-2,500,-5.0,0,0
0,0,500,0,500,500,0,500,0.0,0,0
0,0,500,0,500,496,2,496,5.0,0,0
0,0,500,0,500,489,4,489,10.0,0,0
0,0,501,0,500,478,6,478,15.0,0,0
0,0,501,0,500,464,8,464,20.0,0,0
0,0,501,0,500,446,9,446,25.0,0,0
0,0,501,0,500,425,11,425,30.0,0,0
0,0,501,0,500,400,13,400,35.0,0,0
0,0,502,0,500,373,14,373,40.0,0,0
0,0,502,0,500,344,15,344,45.0,0,0
0,0,502,0,500,312,17,312,50.0,0,0
0,0,502,0,500,278,18,278,55.0,0,0
0,0,502,0,500,242,19,242,60.0,0,0
0,0,502,0,500,204,20,204,65.0,0,0
0,0,502,0,500,165,20,165,70.0,0,0
0,0,502,0,500,125,21,125,75.0,0,0
0,0,502,0,500,84,21,84,80.0,0,0
0,0,90,3,90,500,0,523,-80.0,0,0
0,0,135,3,135,500,0,523,-75.0,0,0
0,0,178,2,178,500,0,522,-70.0,0,0
0,0,219,2,219,500,0,521,-65.0,0,0
0,0,259,2,259,500,0,520,-60.0,0,0
0,0,297,2,297,500,0,519,-55.0,0,0
0,0,332,2,332,500,0,518,-50.0,0,0
0,0,364,2,364,500,0,516,-45.0,0,0
0,0,393,2,393,500,0,515,-40.0,0,0
0,0,419,1,419,500,0,513,-35.0,0,0
0,0,442,1,442,500,0,512,-30.0,0,0
0,0,461,1,461,500,0,510,-25.0,0,0
0,0,476,1,476,500,0,508,-20.0,0,0
0,0,488,1,488,500,0,506,-15.0,0,0
0,0,496,0,496,500,0,504,-10.0,0,0
0,0,500,0,500,500,0,502,-5.0,0,0
0,0,500,0,500,500,0,500,0.0,0,0
0,0,496,0,496,500,0,498,5.0,0,0
0,0,489,0,489,500,0,496,10.0,0,0
0,0,478,-1,478,500,0,494,15.0,0,0
0,0,464,-1,464,500,0,492,20.0,0,0
0,0,446,-1,446,500,0,491,25.0,0,0
0,0,425,-1,425,500,0,489,30.0,0,0
0,0,400,-1,400,500,0,487,35.0,0,0
0,0,373,-2,373,500,0,486,40.0,0,0
0,0,344,-2,344,500,0,485,45.0,0,0
0,0,312,-2,312,500,0,483,50.0,0,0
0,0,278,-2,278,500,0,482,55.0,0,0
0,0,242,-2,242,500,0,481,60.0,0,0
0,0,204,-2,204,500,0,480,65.0,0,0
0,0,165,-2,165,500,0,480,70.0,0,0
0,0,125,-2,125,500,0,479,75.0,0,0
0,0,84,-2,84,500,0,479,80.0,0,0
0,0,479,0,500,84,-2,84,-80.0,0,0
0,0,479,0,500,125,-2,125,-75.0,0,0
0,0,480,0,500,165,-2,165,-70.0,0,0
0,0,480,0,500,204,-2,204,-65.0,0,0
0,0,481,0,500,242,-2,242,-60.0,0,0
0,0,482,0,500,278,-2,278,-55.0,0,0
0,0,483,0,500,312,-2,312,-50.0,0,0
0,0,485,0,500,344,-2,344,-45.0,0,0
0,0,486,0,500,373,-2,373,-40.0,0,0
0,0,487,0,500,400,-1,400,-35.0,0,0
0,0,489,0,500,425,-1,425,-30.0,0,0
0,0,491,0,500,446,-1,446,-25.0,0,0
0,0,492,0,500,464,-1,464,-20.0,0,0
0,0,494,0,500,478,-1,478,-15.0,0,0
0,0,496,0,500,489,0,489,-10.0,0,0
0,0,498,0,500,496,0,496,-5.0,0,0
0,0,500,0,500,500,0,500,0.0,0,0
0,0,502,0,500,500,0,500,5.0,0,0
0,0,504,0,500,496,0,496,10.0,0,0
0,0,506,0,500,488,1,488,15.0,0,0
0,0,508,0,500,476,1,476,20.0,0,0
0,0,510,0,500,461,1,461,25.0,0,0
0,0,512,0,500,442,1,442,30.0,0,0
0,0,513,0,500,419,1,419,35.0,0,0
0,0,515,0,500,393,2,393,40.0,0,0
0,0,516,0,500,364,2,364,45.0,0,0
0,0,518,0,500,332,2,332,50.0,0,0
0,0,519,0,500,297,2,297,55.0,0,0
0,0,520,0,500,259,2,259,60.0,0,0
0,0,521,0,500,219,2,219,65.0,0,0
0,0,522,0,500,178,2,178,70.0,0,0
0,0,523,0,500,135,3,135,75.0,0,0
0,0,523,0,500,90,3,90,80.0,0,0
0,0,84,21,84,500,0,502,-80.0,0,0
0,0,125,21,125,500,0,502,-75.0,0,0
0,0,165,20,165,500,0,502,-70.0,0,0
0,0,204,20,204,500,0,502,-65.0,0,0
0,0,242,19,242,500,0,502,-60.0,0,0
0,0,278,18,278,500,0,502,-55.0,0,0
0,0,312,17,312,500,0,502,-50.0,0,0
0,0,344,15,344,500,0,502,-45.0,0,0
0,0,373,14,373,500,0,502,-40.0,0,0
0,0,400,13,400,500,0,501,-35.0,0,0
0,0,425,11,425,500,0,501,-30.0,0,0
0,0,446,9,446,500,0,501,-25.0,0,0
0,0,464,8,464,500,0,501,-20.0,0,0
0,0,478,6,478,500,0,501,-15.0,0,0
0,0,489,4,489,500,0,500,-10.0,0,0
0,0,496,2,496,500,0,500,-5.0,0,0
0,0,500,0,500,500,0,500,0.0,0,0
0,0,500,-2,500,500,0,500,5.0,0,0
0,0,496,-4,496,500,0,500,10.0,0,0
0,0,488,-6,488,500,0,499,15.0,0,0
0,0,476,-8,476,500,0,499,20.0,0,0
0,0,461,-10,461,500,0,499,25.0,0,0
0,0,442,-11,442,500,0,499,30.0,0,0
0,0,419,-13,419,500,0,499,35.0,0,0
0,0,393,-15,393,500,0,498,40.0,0,0
0,0,364,-16,364,500,0,498,45.0,0,0
0,0,332,-18,332,500,0,498,50.0,0,0
0,0,297,-19,297,500,0,498,55.0,0,0
0,0,259,-20,259,500,0,498,60.0,0,0
0,0,219,-21,219,500,0,498,65.0,0,0
0,0,178,-22,178,500,0,498,70.0,0,0
0,0,135,-23,135,500,0,498,75.0,0,0
0,0,90,-23,90,500,0,498,80.0,0,0
0,0,479,0,481,84,-21,84,-80.0,0,0
0,0,479,0,481,125,-21,125,-75.0,0,0
0,0,480,0,482,165,-20,165,-70.0,0,0
0,0,480,0,483,204,-20,204,-65.0,0,0
0,0,481,0,483,242,-19,242,-60.0,0,0
0,0,482,0,484,278,-18,278,-55.0,0,0
0,0,483,0,485,312,-17,312,-50.0,0,0
0,0,485,0,486,344,-15,344,-45.0,0,0
0,0,486,0,488,373,-14,373,-40.0,0,0
0,0,487,0,489,400,-13,400,-35.0,0,0
0,0,489,0,490,425,-11,425,-30.0,0,0
0,0,491,0,492,446,-9,446,-25.0,0,0
0,0,492,0,493,464,-8,464,-20.0,0,0
0,0,494,0,495,478,-6,478,-15.0,0,0
0,0,496,0,497,489,-4,489,-10.0,0,0
0,0,498,0,498,496,-2,496,-5.0,0,0
0,0,500,0,500,500,0,500,0.0,0,0
0,0,502,0,502,500,2,500,5.0,0,0
0,0,504,0,504,496,4,496,10.0,0,0
0,0,506,0,505,488,6,488,15.0,0,0
0,0,508,0,507,476,8,476,20.0,0,0
0,0,510,0,509,461,10,461,25.0,0,0
0,0,512,0,510,442,11,442,30.0,0,0
0,0,513,0,512,419,13,419,35.0,0,0
0,0,515,0,513,393,15,393,40.0,0,0
0,0,516,0,515,364,16,364,45.0,0,0
0,0,518,0,516,332,18,332,50.0,0,0
0,0,519,0,517,297,19,297,55.0,0,0
0,0,520,0,518,259,20,259,60.0,0,0
0,0,521,0,519,219,21,219,65.0,0,0
0,0,522,0,520,178,22,178,70.0,0,0
0,0,523,0,520,135,23,135,75.0,0,0
0,0,523,0,521,90,23,90,80.0,0,0
0,0,90,23,90,521,0,523,-80.0,0,0
0,0,135,23,135,520,0,523,-75.0,0,0
0,0,178,22,178,520,0,522,-70.0,0,0
0,0,219,21,219,519,0,521,-65.0,0,0
0,0,259,20,259,518,0,520,-60.0,0,0
0,0,297,19,297,517,0,519,-55.0,0,0
0,0,332,18,332,516,0,518,-50.0,0,0
0,0,364,16,364,515,0,516,-45.0,0,0
0,0,393,15,393,513,0,515,-40.0,0,0
0,0,419,13,419,512,0,513,-35.0,0,0
0,0,442,11,442,510,0,512,-30.0,0,0
0,0,461,10,461,509,0,510,-25.0,0,0
0,0,476,8,476,507,0,508,-20.0,0,0
0,0,488,6,488,505,0,506,-15.0,0,0
0,0,496,4,496,504,0,504,-10.0,0,0
0,0,500,2,500,502,0,502,-5.0,0,0
0,0,500,0,500,500,0,500,0.0,0,0
0,0,496,-2,496,498,0,498,5.0,0,0
0,0,489,-4,489,497,0,496,10.0,0,0
0,0,478,-6,478,495,0,494,15.0,0,0
0,0,464,-8,464,493,0,492,20.0,0,0
0,0,446,-9,446,492,0,491,25.0,0,0
0,0,425,-11,425,490,0,489,30.0,0,0
0,0,400,-13,400,489,0,487,35.0,0,0
0,0,373,-14,373,488,0,486,40.0,0,0
0,0,344,-15,344,486,0,485,45.0,0,0
0,0,312,-17,312,485,0,483,50.0,0,0
0,0,278,-18,278,484,0,482,55.0,0,0
0,0,242,-19,242,483,0,481,60.0,0,0
0,0,204,-20,204,483,0,480,65.0,0,0
0,0,165,-20,165,482,0,480,70.0,0,0
0,0,125,-21,125,481,0,479,75.0,0,0
0,0,84,-21,84,481,0,479,80.0,0,0
0,0,502,0,516,92,-13,92,-80.0,0,0
0,0,502,0,515,137,-13,137,-75.0,0,0
0,0,502,0,515,181,-12,181,-70.0,0,0
0,0,502,0,514,223,-12,223,-65.0,0,0
0,0,502,0,514,264,-11,264,-60.0,0,0
0,0,502,0,513,302,-11,302,-55.0,0,0
0,0,502,0,512,337,-10,337,-50.0,0,0
0,0,502,0,511,369,-9,369,-45.0,0,0
0,0,502,0,510,398,-8,398,-40.0,0,0
0,0,501,0,509,424,-7,424,-35.0,0,0
0,0,501,0,508,446,-6,446,-30.0,0,0
0,0,501,0,506,465,-5,465,-25.0,0,0
0,0,501,0,505,480,-4,480,-20.0,0,0
0,0,501,0,504,491,-3,491,-15.0,0,0
0,0,500,0,503,498,-2,498,-10.0,0,0
0,0,500,0,501,501,-1,501,-5.0,0,0
0,0,500,0,500,500,0,500,0.0,0,0
0,0,500,0,499,496,1,496,5.0,0,0
0,0,500,0,497,487,2,487,10.0,0,0
0,0,499,0,496,476,3,476,15.0,0,0
0,0,499,0,495,460,4,460,20.0,0,0
0,0,499,0,494,442,5,442,25.0,0,0
0,0,499,0,493,420,6,420,30.0,0,0
0,0,499,0,492,396,7,396,35.0,0,0
0,0,498,0,491,369,8,369,40.0,0,0
0,0,498,0,490,339,8,339,45.0,0,0
0,0,498,0,489,307,9,307,50.0,0,0
0,0,498,0,488,273,10,273,55.0,0,0
0,0,498,0,488,238,10,238,60.0,0,0
0,0,498,0,487,200,11,200,65.0,0,0
0,0,498,0,487,162,11,162,70.0,0,0
0,0,498,0,486,122,11,122,75.0,0,0
0,0,498,0,486,82,12,82,80.0,0,0
0,0,87,-2,87,486,0,513,-80.0,0,0
0,0,129,-2,129,486,0,512,-75.0,0,0
0,0,171,-2,171,486,0,512,-70.0,0,0
0,0,211,-2,211,487,0,512,-65.0,0,0
0,0,250,-2,250,487,0,511,-60.0,0,0
0,0,287,-2,287,488,0,510,-55.0,0,0
0,0,322,-2,322,489,0,510,-50.0,0,0
0,0,354,-2,354,490,0,509,-45.0,0,0
0,0,383,-2,383,490,0,508,-40.0,0,0
0,0,410,-1,410,491,0,507,-35.0,0,0
0,0,433,-1,433,493,0,506,-30.0,0,0
0,0,453,-1,453,494,0,505,-25.0,0,0
0,0,470,-1,470,495,0,504,-20.0,0,0
0,0,483,-1,483,496,0,503,-15.0,0,0
0,0,492,0,492,497,0,502,-10.0,0,0
0,0,498,0,498,499,0,501,-5.0,0,0
0,0,500,0,500,500,0,500,0.0,0,0
0,0,498,0,498,501,0,499,5.0,0,0
0,0,492,0,492,503,0,498,10.0,0,0
0,0,483,1,483,504,0,497,15.0,0,0
0,0,470,1,470,505,0,496,20.0,0,0
0,0,453,1,453,506,0,495,25.0,0,0
0,0,433,1,433,508,0,494,30.0,0,0
0,0,410,1,410,509,0,493,35.0,0,0
0,0,383,2,383,510,0,492,40.0,0,0
0,0,354,2,354,511,0,491,45.0,0,0
0,0,322,2,322,512,0,491,50.0,0,0
0,0,287,2,287,513,0,490,55.0,0,0
0,0,250,2,250,513,0,489,60.0,0,0
0,0,211,2,211,514,0,489,65.0,0,0
0,0,171,2,171,514,0,489,70.0,0,0
0,0,129,2,129,515,0,488,75.0,0,0
0,0,87,2,87,515,0,488,80.0,0,0
0,0,488,0,515,87,2,87,-80.0,0,0
0,0,488,0,515,129,2,129,-75.0,0,0
0,0,489,0,514,171,2,171,-70.0,0,0
0,0,489,0,514,211,2,211,-65.0,0,0
0,0,489,0,513,250,2,250,-60.0,0,0
0,0,490,0,513,287,2,287,-55.0,0,0
0,0,491,0,512,322,2,322,-50.0,0,0
0,0,491,0,511,354,2,354,-45.0,0,0
0,0,492,0,510,383,2,383,-40.0,0,0
0,0,493,0,509,410,1,410,-35.0,0,0
0,0,494,0,508,433,1,433,-30.0,0,0
0,0,495,0,506,453,1,453,-25.0,0,0
0,0,496,0,505,470,1,470,-20.0,0,0
0,0,497,0,504,483,1,483,-15.0,0,0
0,0,498,0,503,492,0,492,-10.0,0,0
0,0,499,0,501,498,0,498,-5.0,0,0
0,0,500,0,500,500,0,500,0.0,0,0
0,0,501,0,499,498,0,498,5.0,0,0
0,0,502,0,497,492,0,492,10.0,0,0
0,0,503,0,496,483,-1,483,15.0,0,0
0,0,504,0,495,470,-1,470,20.0,0,0
0,0,505,0,494,453,-1,453,25.0,0,0
0,0,506,0,493,433,-1,433,30.0,0,0
0,0,507,0,491,410,-1,410,35.0,0,0
0,0,508,0,490,383,-2,383,40.0,0,0
0,0,509,0,490,354,-2,354,45.0,0,0
0,0,510,0,489,322,-2,322,50.0,0,0
0,0,510,0,488,287,-2,287,55.0,0,0
0,0,511,0,487,250,-2,250,60.0,0,0
0,0,512,0,487,211,-2,211,65.0,0,0
0,0,512,0,486,171,-2,171,70.0,0,0
0,0,512,0,486,129,-2,129,75.0,0,0
0,0,513,0,486,87,-2,87,80.0,0,0
0,0,82,12,82,486,0,498,-80.0,0,0
0,0,122,11,122,486,0,498,-75.0,0,0
0,0,162,11,162,487,0,498,-70.0,0,0
0,0,200,11,200,487,0,498,-65.0,0,0
0,0,238,10,238,488,0,498,-60.0,0,0
0,0,273,10,273,488,0,498,-55.0,0,0
0,0,307,9,307,489,0,498,-50.0,0,0
0,0,339,8,339,490,0,498,-45.0,0,0
0,0,369,8,369,491,0,498,-40.0,0,0
0,0,396,7,396,492,0,499,-35.0,0,0
0,0,420,6,420,493,0,499,-30.0,0,0
0,0,442,5,442,494,0,499,-25.0,0,0
0,0,460,4,460,495,0,499,-20.0,0,0
0,0,476,3,476,496,0,499,-15.0,0,0
0,0,487,2,487,497,0,500,-10.0,0,0
0,0,496,1,496,499,0,500,-5.0,0,0
0,0,500,0,500,500,0,500,0.0,0,0
0,0,501,-1,501,501,0,500,5.0,0,0
0,0,498,-2,498,503,0,500,10.0,0,0
0,0,491,-3,491,504,0,501,15.0,0,0
0,0,480,-4,480,505,0,501,20.0,0,0
0,0,465,-5,465,506,0,501,25.0,0,0
0,0,446,-6,446,508,0,501,30.0,0,0
0,0,424,-7,424,509,0,501,35.0,0,0
0,0,398,-8,398,510,0,502,40.0,0,0
0,0,369,-9,369,511,0,502,45.0,0,0
0,0,337,-10,337,512,0,502,50.0,0,0
0,0,302,-11,302,513,0,502,55.0,0,0
0,0,264,-11,264,514,0,502,60.0,0,0
0,0,223,-12,223,514,0,502,65.0,0,0
0,0,181,-12,181,515,0,502,70.0,0,0
0,0,137,-13,137,515,0,502,75.0,0,0
0,0,92,-13,92,516,0,502,80.0,0,0
0,0,502,0,531,92,3,92,-80.0,0,0
0,0,502,0,531,137,3,137,-75.0,0,0
0,0,502,0,530,181,2,181,-70.0,0,0
0,0,502,0,529,223,2,223,-65.0,0,0
0,0,502,0,527,264,2,264,-60.0,0,0
0,0,502,0,526,302,2,302,-55.0,0,0
0,0,502,0,524,337,2,337,-50.0,0,0
0,0,502,0,522,369,2,369,-45.0,0,0
0,0,502,0,520,398,2,398,-40.0,0,0
0,0,501,0,518,424,1,424,-35.0,0,0
0,0,501,0,515,446,1,446,-30.0,0,0
0,0,501,0,513,465,1,465,-25.0,0,0
0,0,501,0,510,480,1,480,-20.0,0,0
0,0,501,0,508,491,1,491,-15.0,0,0
0,0,500,0,505,498,0,498,-10.0,0,0
0,0,500,0,503,501,0,501,-5.0,0,0
0,0,500,0,500,500,0,500,0.0,0,0
0,0,500,0,497,496,0,496,5.0,0,0
0,0,500,0,495,487,0,487,10.0,0,0
0,0,499,0,492,476,-1,476,15.0,0,0
0,0,499,0,490,460,-1,460,20.0,0,0
0,0,499,0,488,442,-1,442,25.0,0,0
0,0,499,0,485,420,-1,420,30.0,0,0
0,0,499,0,483,396,-1,396,35.0,0,0
0,0,498,0,481,369,-2,369,40.0,0,0
0,0,498,0,480,339,-2,339,45.0,0,0
0,0,498,0,478,307,-2,307,50.0,0,0
0,0,498,0,476,273,-2,273,55.0,0,0
0,0,498,0,475,238,-2,238,60.0,0,0
0,0,498,0,474,200,-2,200,65.0,0,0
0,0,498,0,473,162,-2,162,70.0,0,0
0,0,498,0,472,122,-2,122,75.0,0,0
0,0,498,0,472,82,-2,82,80.0,0,0
0,0,82,-2,82,472,0,498,-80.0,0,0
0,0,122,-2,122,472,0,498,-75.0,0,0
0,0,162,-2,162,473,0,498,-70.0,0,0
0,0,200,-2,200,474,0,498,-65.0,0,0
0,0,238,-2,238,475,0,498,-60.0,0,0
0,0,273,-2,273,476,0,498,-55.0,0,0
0,0,307,-2,307,478,0,498,-50.0,0,0
0,0,339,-2,339,480,0,498,-45.0,0,0
0,0,369,-2,369,481,0,498,-40.0,0,0
0,0,396,-1,396,483,0,499,-35.0,0,0
0,0,420,-1,420,485,0,499,-30.0,0,0
0,0,442,-1,442,488,0,499,-25.0,0,0
0,0,460,-1,460,490,0,499,-20.0,0,0
0,0,476,-1,476,492,0,499,-15.0,0,0
0,0,487,0,487,495,0,500,-10.0,0,0
0,0,496,0,496,497,0,500,-5.0,0,0
0,0,500,0,500,500,0,500,0.0,0,0
0,0,501,0,501,503,0,500,5.0,0,0
0,0,498,0,498,505,0,500,10.0,0,0
0,0,491,1,491,508,0,501,15.0,0,0
0,0,480,1,480,510,0,501,20.0,0,0
0,0,465,1,465,513,0,501,25.0,0,0
0,0,446,1,446,515,0,501,30.0,0,0
0,0,424,1,424,518,0,501,35.0,0,0
0,0,398,2,398,520,0,502,40.0,0,0
0,0,369,2,369,522,0,502,45.0,0,0
0,0,337,2,337,524,0,502,50.0,0,0
0,0,302,2,302,526,0,502,55.0,0,0
0,0,264,2,264,527,0,502,60.0,0,0
0,0,223,2,223,529,0,502,65.0,0,0
0,0,181,2,181,530,0,502,70.0,0,0
0,0,137,3,137,531,0,502,75.0,0,0
0,0,92,3,92,531,0,502,80.0,0,0
0,0,502,0,500,92,-29,92,-80.0,0,0
0,0,502,0,500,137,-28,137,-75.0,0,0
0,0,502,0,500,181,-27,181,-70.0,0,0
0,0,502,0,500,223,-26,223,-65.0,0,0
0,0,502,0,500,264,-25,264,-60.0,0,0
0,0,502,0,500,302,-24,302,-55.0,0,0
0,0,502,0,500,337,-22,337,-50.0,0,0
0,0,502,0,500,369,-20,369,-45.0,0,0
0,0,502,0,500,398,-18,398,-40.0,0,0
0,0,501,0,500,424,-16,424,-35.0,0,0
0,0,501,0,500,446,-14,446,-30.0,0,0
0,0,501,0,500,465,-12,465,-25.0,0,0
0,0,501,0,500,480,-10,480,-20.0,0,0
0,0,501,0,500,491,-7,491,-15.0,0,0
0,0,500,0,500,498,-5,498,-10.0,0,0
0,0,500,0,500,501,-2,501,-5.0,0,0
0,0,500,0,500,500,0,500,0.0,0,0
0,0,500,0,500,496,2,496,5.0,0,0
0,0,500,0,500,487,5,487,10.0,0,0
0,0,499,0,500,476,7,476,15.0,0,0
0,0,499,0,500,460,9,460,20.0,0,0
0,0,499,0,500,442,11,442,25.0,0,0
0,0,499,0,500,420,13,420,30.0,0,0
0,0,499,0,500,396,15,396,35.0,0,0
0,0,498,0,500,369,17,369,40.0,0,0
0,0,498,0,500,339,19,339,45.0,0,0
0,0,498,0,500,307,20,307,50.0,0,0
0,0,498,0,500,273,21,273,55.0,0,0
0,0,498,0,500,238,23,238,60.0,0,0
0,0,498,0,500,200,24,200,65.0,0,0
0,0,498,0,500,162,24,162,70.0,0,0
0,0,498,0,500,122,25,122,75.0,0,0
0,0,498,0,500,82,26,82,80.0,0,0
0,0,92,-3,92,500,0,529,-80.0,0,0
0,0,137,-3,137,500,0,528,-75.0,0,0
0,0,181,-2,181,500,0,527,-70.0,0,0
0,0,223,-2,223,500,0,526,-65.0,0,0
0,0,264,-2,264,500,0,525,-60.0,0,0
0,0,302,-2,302,500,0,524,-55.0,0,0
0,0,337,-2,337,500,0,522,-50.0,0,0
0,0,369,-2,369,500,0,520,-45.0,0,0
0,0,398,-2,398,500,0,518,-40.0,0,0
0,0,424,-1,424,500,0,516,-35.0,0,0
0,0,446,-1,446,500,0,514,-30.0,0,0
0,0,465,-1,465,500,0,512,-25.0,0,0
0,0,480,-1,480,500,0,510,-20.0,0,0
0,0,491,-1,491,500,0,507,-15.0,0,0
0,0,498,0,498,500,0,505,-10.0,0,0
0,0,501,0,501,500,0,502,-5.0,0,0
0,0,500,0,500,500,0,500,0.0,0,0
0,0,496,0,496,500,0,498,5.0,0,0
0,0,487,0,487,500,0,495,10.0,0,0
0,0,476,1,476,500,0,493,15.0,0,0
0,0,460,1,460,500,0,491,20.0,0,0
0,0,442,1,442,500,0,489,25.0,0,0
0,0,420,1,420,500,0,487,30.0,0,0
0,0,396,1,396,500,0,485,35.0,0,0
0,0,369,2,369,500,0,483,40.0,0,0
0,0,339,2,339,500,0,481,45.0,0,0
0,0,307,2,307,500,0,480,50.0,0,0
0,0,273,2,273,500,0,478,55.0,0,0
0,0,238,2,238,500,0,477,60.0,0,0
0,0,200,2,200,500,0,476,65.0,0,0
0,0,162,2,162,500,0,475,70.0,0,0
0,0,122,2,122,500,0,475,75.0,0,0
0,0,82,2,82,500,0,474,80.0,0,0
0,0,474,0,500,82,2,82,-80.0,0,0
0,0,475,0,500,122,2,122,-75.0,0,0
0,0,475,0,500,162,2,162,-70.0,0,0
0,0,476,0,500,200,2,200,-65.0,0,0
0,0,477,0,500,238,2,238,-60.0,0,0
0,0,478,0,500,273,2,273,-55.0,0,0
0,0,480,0,500,307,2,307,-50.0,0,0
0,0,481,0,500,339,2,339,-45.0,0,0
0,0,483,0,500,369,2,369,-40.0,0,0
0,0,485,0,500,396,1,396,-35.0,0,0
0,0,487,0,500,420,1,420,-30.0,0,0
0,0,489,0,500,442,1,442,-25.0,0,0
0,0,491,0,500,460,1,460,-20.0,0,0
0,0,493,0,500,476,1,476,-15.0,0,0
0,0,495,0,500,487,0,487,-10.0,0,0
0,0,498,0,500,496,0,496,-5.0,0,0
0,0,500,0,500,500,0,500,0.0,0,0
0,0,502,0,500,501,0,501,5.0,0,0
0,0,505,0,500,498,0,498,10.0,0,0
0,0,507,0,500,491,-1,491,15.0,0,0
0,0,510,0,500,480,-1,480,20.0,0,0
0,0,512,0,500,465,-1,465,25.0,0,0
0,0,514,0,500,446,-1,446,30.0,0,0
0,0,516,0,500,424,-1,424,35.0,0,0
0,0,518,0,500,398,-2,398,40.0,0,0
0,0,520,0,500,369,-2,369,45.0,0,0
0,0,522,0,500,337,-2,337,50.0,0,0
0,0,524,0,500,302,-2,302,55.0,0,0
0,0,525,0,500,264,-2,264,60.0,0,0
0,0,526,0,500,223,-2,223,65.0,0,0
0,0,527,0,500,181,-2,181,70.0,0,0
0,0,528,0,500,137,-3,137,75.0,0,0
0,0,529,0,500,92,-3,92,80.0,0,0
0,0,82,26,82,500,0,498,-80.0,0,0
0,0,122,25,122,500,0,498,-75.0,0,0
0,0,162,24,162,500,0,498,-70.0,0,0
0,0,200,24,200,500,0,498,-65.0,0,0
0,0,238,23,238,500,0,498,-60.0,0,0
0,0,273,21,273,500,0,498,-55.0,0,0
0,0,307,20,307,500,0,498,-50.0,0,0
0,0,339,19,339,500,0,498,-45.0,0,0
0,0,369,17,369,500,0,498,-40.0,0,0
0,0,396,15,396,500,0,499,-35.0,0,0
0,0,420,13,420,500,0,499,-30.0,0,0
0,0,442,11,442,500,0,499,-25.0,0,0
0,0,460,9,460,500,0,499,-20.0,0,0
0,0,476,7,476,500,0,499,-15.0,0,0
0,0,487,5,487,500,0,500,-10.0,0,0
0,0,496,2,496,500,0,500,-5.0,0,0
0,0,500,0,500,500,0,500,0.0,0,0
0,0,501,-2,501,500,0,500,5.0,0,0
0,0,498,-5,498,500,0,500,10.0,0,0
0,0,491,-7,491,500,0,501,15.0,0,0
0,0,480,-10,480,500,0,501,20.0,0,0
0,0,465,-12,465,500,0,501,25.0,0,0
0,0,446,-14,446,500,0,501,30.0,0,0
0,0,424,-16,424,500,0,501,35.0,0,0
0,0,398,-18,398,500,0,502,40.0,0,0
0,0,369,-20,369,500,0,502,45.0,0,0
0,0,337,-22,337,500,0,502,50.0,0,0
0,0,302,-24,302,500,0,502,55.0,0,0
0,0,264,-25,264,500,0,502,60.0,0,0
0,0,223,-26,223,500,0,502,65.0,0,0
0,0,181,-27,181,500,0,502,70.0,0,0
0,0,137,-28,137,500,0,502,75.0,0,0
0,0,92,-29,92,500,0,502,80.0,0,0
0,0,474,0,472,82,-26,82,-80.0,0,0
0,0,475,0,472,122,-25,122,-75.0,0,0
0,0,475,0,473,162,-24,162,-70.0,0,0
0,0,476,0,474,200,-24,200,-65.0,0,0
0,0,477,0,475,238,-23,238,-60.0,0,0
0,0,478,0,476,273,-21,273,-55.0,0,0
0,0,480,0,478,307,-20,307,-50.0,0,0
0,0,481,0,480,339,-19,339,-45.0,0,0
0,0,483,0,481,369,-17,369,-40.0,0,0
0,0,485,0,483,396,-15,396,-35.0,0,0
0,0,487,0,485,420,-13,420,-30.0,0,0
0,0,489,0,488,442,-11,442,-25.0,0,0
0,0,491,0,490,460,-9,460,-20.0,0,0
0,0,493,0,492,476,-7,476,-15.0,0,0
0,0,495,0,495,487,-5,487,-10.0,0,0
0,0,498,0,497,496,-2,496,-5.0,0,0
0,0,500,0,500,500,0,500,0.0,0,0
0,0,502,0,503,501,2,501,5.0,0,0
0,0,505,0,505,498,5,498,10.0,0,0
0,0,507,0,508,491,7,491,15.0,0,0
0,0,510,0,510,480,10,480,20.0,0,0
0,0,512,0,513,465,12,465,25.0,0,0
0,0,514,0,515,446,14,446,30.0,0,0
0,0,516,0,518,424,16,424,35.0,0,0
0,0,518,0,520,398,18,398,40.0,0,0
0,0,520,0,522,369,20,369,45.0,0,0
0,0,522,0,524,337,22,337,50.0,0,0
0,0,524,0,526,302,24,302,55.0,0,0
0,0,525,0,527,264,25,264,60.0,0,0
0,0,526,0,529,223,26,223,65.0,0,0
0,0,527,0,530,181,27,181,70.0,0,0
0,0,528,0,531,137,28,137,75.0,0,0
0,0,529,0,531,92,29,92,80.0,0,0
0,0,92,29,92,531,0,529,-80.0,0,0
0,0,137,28,137,531,0,528,-75.0,0,0
0,0,181,27,181,530,0,527,-70.0,0,0
0,0,223,26,223,529,0,526,-65.0,0,0
0,0,264,25,264,527,0,525,-60.0,0,0
0,0,302,24,302,526,0,524,-55.0,0,0
0,0,337,22,337,524,0,522,-50.0,0,0
0,0,369,20,369,522,0,520,-45.0,0,0
0,0,398,18,398,520,0,518,-40.0,0,0
0,0,424,16,424,518,0,516,-35.0,0,0
0,0,446,14,446,515,0,514,-30.0,0,0
0,0,465,12,465,513,0,512,-25.0,0,0
0,0,480,10,480,510,0,510,-20.0,0,0
0,0,491,7,491,508,0,507,-15.0,0,0
0,0,498,5,498,505,0,505,-10.0,0,0
0,0,501,2,501,503,0,502,-5.0,0,0
0,0,500,0,500,500,0,500,0.0,0,0
0,0,496,-2,496,497,0,498,5.0,0,0
0,0,487,-5,487,495,0,495,10.0,0,0
0,0,476,-7,476,492,0,493,15.0,0,0
0,0,460,-9,460,490,0,491,20.0,0,0
0,0,442,-11,442,488,0,489,25.0,0,0
0,0,420,-13,420,485,0,487,30.0,0,0
0,0,396,-15,396,483,0,485,35.0,0,0
0,0,369,-17,369,481,0,483,40.0,0,0
0,0,339,-19,339,480,0,481,45.0,0,0
0,0,307,-20,307,478,0,480,50.0,0,0
0,0,273,-21,273,476,0,478,55.0,0,0
0,0,238,-23,238,475,0,477,60.0,0,0
0,0,200,-24,200,474,0,476,65.0,0,0
0,0,162,-24,162,473,0,475,70.0,0,0
0,0,122,-25,122,472,0,475,75.0,0,0
0,0,82,-26,82,472,0,474,80.0,0,0
0,0,507,0,521,94,-13,94,-80.0,0,0
0,0,507,0,520,140,-13,140,-75.0,0,0
0,0,507,0,520,185,-13,185,-70.0,0,0
0,0,507,0,519,228,-12,228,-65.0,0,0
0,0,507,0,518,268,-12,268,-60.0,0,0
0,0,506,0,517,307,-11,307,-55.0,0,0
0,0,506,0,516,342,-10,342,-50.0,0,0
0,0,505,0,515,375,-9,375,-45.0,0,0
0,0,505,0,513,404,-8,404,-40.0,0,0
0,0,504,0,512,429,-8,429,-35.0,0,0
0,0,504,0,510,451,-7,451,-30.0,0,0
0,0,503,0,509,469,-5,469,-25.0,0,0
0,0,503,0,507,483,-4,483,-20.0,0,0
0,0,502,0,505,493,-3,493,-15.0,0,0
0,0,501,0,504,499,-2,499,-10.0,0,0
0,0,501,0,502,502,-1,502,-5.0,0,0
0,0,500,0,500,500,0,500,0.0,0,0
0,0,499,0,498,495,1,495,5.0,0,0
0,0,499,0,497,486,2,486,10.0,0,0
0,0,498,0,495,473,3,473,15.0,0,0
0,0,497,0,493,457,4,457,20.0,0,0
0,0,497,0,492,438,5,438,25.0,0,0
0,0,496,0,490,416,6,416,30.0,0,0
0,0,496,0,489,391,7,391,35.0,0,0
0,0,495,0,488,364,8,364,40.0,0,0
0,0,495,0,486,334,8,334,45.0,0,0
0,0,494,0,485,303,9,303,50.0,0,0
0,0,494,0,484,269,10,269,55.0,0,0
0,0,494,0,483,234,10,234,60.0,0,0
0,0,493,0,483,197,11,197,65.0,0,0
0,0,493,0,482,159,11,159,70.0,0,0
0,0,493,0,482,120,11,120,75.0,0,0
0,0,493,0,481,80,11,80,80.0,0,0
0,0,87,-7,87,481,0,513,-80.0,0,0
0,0,129,-7,129,481,0,512,-75.0,0,0
0,0,171,-7,171,481,0,512,-70.0,0,0
0,0,211,-7,211,482,0,512,-65.0,0,0
0,0,250,-6,250,483,0,511,-60.0,0,0
0,0,287,-6,287,484,0,510,-55.0,0,0
0,0,322,-6,322,485,0,510,-50.0,0,0
0,0,354,-5,354,486,0,509,-45.0,0,0
0,0,383,-5,383,487,0,508,-40.0,0,0
0,0,410,-4,410,489,0,507,-35.0,0,0
0,0,433,-4,433,490,0,506,-30.0,0,0
0,0,453,-3,453,492,0,505,-25.0,0,0
0,0,470,-3,470,493,0,504,-20.0,0,0
0,0,483,-2,483,495,0,503,-15.0,0,0
0,0,492,-1,492,497,0,502,-10.0,0,0
0,0,498,-1,498,498,0,501,-5.0,0,0
0,0,500,0,500,500,0,500,0.0,0,0
0,0,498,1,498,502,0,499,5.0,0,0
0,0,492,1,492,503,0,498,10.0,0,0
0,0,483,2,483,505,0,497,15.0,0,0
0,0,470,3,470,507,0,496,20.0,0,0
0,0,453,3,453,509,0,495,25.0,0,0
0,0,433,4,433,510,0,494,30.0,0,0
0,0,410,4,410,512,0,493,35.0,0,0
0,0,383,5,383,513,0,492,40.0,0,0
0,0,354,5,354,514,0,491,45.0,0,0
0,0,322,6,322,516,0,491,50.0,0,0
0,0,287,6,287,517,0,490,55.0,0,0
0,0,250,6,250,518,0,489,60.0,0,0
0,0,211,7,211,518,0,489,65.0,0,0
0,0,171,7,171,519,0,489,70.0,0,0
0,0,129,7,129,520,0,488,75.0,0,0
0,0,87,7,87,520,0,488,80.0,0,0
0,0,488,0,520,87,7,87,-80.0,0,0
0,0,488,0,520,129,7,129,-75.0,0,0
0,0,489,0,519,171,7,171,-70.0,0,0
0,0,489,0,518,211,7,211,-65.0,0,0
0,0,489,0,518,250,6,250,-60.0,0,0
0,0,490,0,517,287,6,287,-55.0,0,0
0,0,491,0,516,322,6,322,-50.0,0,0
0,0,491,0,514,354,5,354,-45.0,0,0
0,0,492,0,513,383,5,383,-40.0,0,0
0,0,493,0,512,410,4,410,-35.0,0,0
0,0,494,0,510,433,4,433,-30.0,0,0
0,0,495,0,509,453,3,453,-25.0,0,0
0,0,496,0,507,470,3,470,-20.0,0,0
0,0,497,0,505,483,2,483,-15.0,0,0
0,0,498,0,503,492,1,492,-10.0,0,0
0,0,499,0,502,498,1,498,-5.0,0,0
0,0,500,0,500,500,0,500,0.0,0,0
0,0,501,0,498,498,-1,498,5.0,0,0
0,0,502,0,497,492,-1,492,10.0,0,0
0,0,503,0,495,483,-2,483,15.0,0,0
0,0,504,0,493,470,-3,470,20.0,0,0
0,0,505,0,492,453,-3,453,25.0,0,0
0,0,506,0,490,433,-4,433,30.0,0,0
0,0,507,0,489,410,-4,410,35.0,0,0
0,0,508,0,487,383,-5,383,40.0,0,0
0,0,509,0,486,354,-5,354,45.0,0,0
0,0,510,0,485,322,-6,322,50.0,0,0
0,0,510,0,484,287,-6,287,55.0,0,0
0,0,511,0,483,250,-6,250,60.0,0,0
0,0,512,0,482,211,-7,211,65.0,0,0
0,0,512,0,481,171,-7,171,70.0,0,0
0,0,512,0,481,129,-7,129,75.0,0,0
0,0,513,0,481,87,-7,87,80.0,0,0
0,0,80,11,80,481,0,493,-80.0,0,0
0,0,120,11,120,482,0,493,-75.0,0,0
0,0,159,11,159,482,0,493,-70.0,0,0
0,0,197,11,197,483,0,493,-65.0,0,0
0,0,234,10,234,483,0,494,-60.0,0,0
0,0,269,10,269,484,0,494,-55.0,0,0
0,0,303,9,303,485,0,494,-50.0,0,0
0,0,334,8,334,486,0,495,-45.0,0,0
0,0,364,8,364,488,0,495,-40.0,0,0
0,0,391,7,391,489,0,496,-35.0,0,0
0,0,416,6,416,490,0,496,-30.0,0,0
0,0,438,5,438,492,0,497,-25.0,0,0
0,0,457,4,457,493,0,497,-20.0,0,0
0,0,473,3,473,495,0,498,-15.0,0,0
0,0,486,2,486,497,0,499,-10.0,0,0
0,0,495,1,495,498,0,499,-5.0,0,0
0,0,500,0,500,500,0,500,0.0,0,0
0,0,502,-1,502,502,0,501,5.0,0,0
0,0,499,-2,499,504,0,501,10.0,0,0
0,0,493,-3,493,505,0,502,15.0,0,0
0,0,483,-4,483,507,0,503,20.0,0,0
0,0,469,-5,469,509,0,503,25.0,0,0
0,0,451,-7,451,510,0,504,30.0,0,0
0,0,429,-8,429,512,0,504,35.0,0,0
0,0,404,-8,404,513,0,505,40.0,0,0
0,0,375,-9,375,515,0,505,45.0,0,0
0,0,342,-10,342,516,0,506,50.0,0,0
0,0,307,-11,307,517,0,506,55.0,0,0
0,0,268,-12,268,518,0,507,60.0,0,0
0,0,228,-12,228,519,0,507,65.0,0,0
0,0,185,-13,185,520,0,507,70.0,0,0
0,0,140,-13,140,520,0,507,75.0,0,0
0,0,94,-13,94,521,0,507,80.0,0,0
0,0,507,0,542,94,8,94,-80.0,0,0
0,0,507,0,541,140,8,140,-75.0,0,0
0,0,507,0,540,185,8,185,-70.0,0,0
0,0,507,0,539,228,7,228,-65.0,0,0
0,0,507,0,537,268,7,268,-60.0,0,0
0,0,506,0,535,307,7,307,-55.0,0,0
0,0,506,0,532,342,6,342,-50.0,0,0
0,0,505,0,530,375,6,375,-45.0,0,0
0,0,505,0,527,404,5,404,-40.0,0,0
0,0,504,0,524,429,5,429,-35.0,0,0
0,0,504,0,521,451,4,451,-30.0,0,0
0,0,503,0,517,469,3,469,-25.0,0,0
0,0,503,0,514,483,3,483,-20.0,0,0
0,0,502,0,511,493,2,493,-15.0,0,0
0,0,501,0,507,499,1,499,-10.0,0,0
0,0,501,0,504,502,1,502,-5.0,0,0
0,0,500,0,500,500,0,500,0.0,0,0
0,0,499,0,497,495,-1,495,5.0,0,0
0,0,499,0,493,486,-1,486,10.0,0,0
0,0,498,0,490,473,-2,473,15.0,0,0
0,0,497,0,487,457,-2,457,20.0,0,0
0,0,497,0,484,438,-3,438,25.0,0,0
0,0,496,0,481,416,-4,416,30.0,0,0
0,0,496,0,478,391,-4,391,35.0,0,0
0,0,495,0,475,364,-5,364,40.0,0,0
0,0,495,0,473,334,-5,334,45.0,0,0
0,0,494,0,471,303,-5,303,50.0,0,0
0,0,494,0,469,269,-6,269,55.0,0,0
0,0,494,0,467,234,-6,234,60.0,0,0
0,0,493,0,466,197,-6,197,65.0,0,0
0,0,493,0,465,159,-7,159,70.0,0,0
0,0,493,0,464,120,-7,120,75.0,0,0
0,0,493,0,463,80,-7,80,80.0,0,0
0,0,80,-7,80,463,0,493,-80.0,0,0
0,0,120,-7,120,464,0,493,-75.0,0,0
0,0,159,-7,159,465,0,493,-70.0,0,0
0,0,197,-6,197,466,0,493,-65.0,0,0
0,0,234,-6,234,467,0,494,-60.0,0,0
0,0,269,-6,269,469,0,494,-55.0,0,0
0,0,303,-5,303,471,0,494,-50.0,0,0
0,0,334,-5,334,473,0,495,-45.0,0,0
0,0,364,-5,364,475,0,495,-40.0,0,0
0,0,391,-4,391,478,0,496,-35.0,0,0
0,0,416,-4,416,481,0,496,-30.0,0,0
0,0,438,-3,438,484,0,497,-25.0,0,0
0,0,457,-2,457,487,0,497,-20.0,0,0
0,0,473,-2,473,490,0,498,-15.0,0,0
0,0,486,-1,486,493,0,499,-10.0,0,0
0,0,495,-1,495,497,0,499,-5.0,0,0
0,0,500,0,500,500,0,500,0.0,0,0
0,0,502,1,502,504,0,501,5.0,0,0
0,0,499,1,499,507,0,501,10.0,0,0
0,0,493,2,493,511,0,502,15.0,0,0
0,0,483,3,483,514,0,503,20.0,0,0
0,0,469,3,469,517,0,503,25.0,0,0
0,0,451,4,451,521,0,504,30.0,0,0
0,0,429,5,429,524,0,504,35.0,0,0
0,0,404,5,404,527,0,505,40.0,0,0
0,0,375,6,375,530,0,505,45.0,0,0
0,0,342,6,342,532,0,506,50.0,0,0
0,0,307,7,307,535,0,506,55.0,0,0
0,0,268,7,268,537,0,507,60.0,0,0
0,0,228,7,228,539,0,507,65.0,0,0
0,0,185,8,185,540,0,507,70.0,0,0
0,0,140,8,140,541,0,507,75.0,0,0
0,0,94,8,94,542,0,507,80.0,0,0
0,0,507,0,499,94,-35,94,-80.0,0,0
0,0,507,0,500,140,-34,140,-75.0,0,0
0,0,507,0,500,185,-33,185,-70.0,0,0
0,0,507,0,500,228,-32,228,-65.0,0,0
0,0,507,0,500,268,-30,268,-60.0,0,0
0,0,506,0,500,307,-28,307,-55.0,0,0
0,0,506,0,500,342,-27,342,-50.0,0,0
0,0,505,0,500,375,-24,375,-45.0,0,0
0,0,505,0,500,404,-22,404,-40.0,0,0
0,0,504,0,500,429,-20,429,-35.0,0,0
0,0,504,0,500,451,-17,451,-30.0,0,0
0,0,503,0,500,469,-14,469,-25.0,0,0
0,0,503,0,500,483,-11,483,-20.0,0,0
0,0,502,0,500,493,-9,493,-15.0,0,0
0,0,501,0,500,499,-6,499,-10.0,0,0
0,0,501,0,500,502,-3,502,-5.0,0,0
0,0,500,0,500,500,0,500,0.0,0,0
0,0,499,0,500,495,3,495,5.0,0,0
0,0,499,0,500,486,6,486,10.0,0,0
0,0,498,0,500,473,8,473,15.0,0,0
0,0,497,0,500,457,11,457,20.0,0,0
0,0,497,0,500,438,13,438,25.0,0,0
0,0,496,0,500,416,16,416,30.0,0,0
0,0,496,0,500,391,18,391,35.0,0,0
0,0,495,0,500,364,20,364,40.0,0,0
0,0,495,0,500,334,22,334,45.0,0,0
0,0,494,0,500,303,23,303,50.0,0,0
0,0,494,0,500,269,25,269,55.0,0,0
0,0,494,0,500,234,26,234,60.0,0,0
0,0,493,0,500,197,27,197,65.0,0,0
0,0,493,0,500,159,28,159,70.0,0,0
0,0,493,0,500,120,29,120,75.0,0,0
0,0,493,0,500,80,30,80,80.0,0,0
0,0,94,-8,94,499,0,534,-80.0,0,0
0,0,140,-8,140,500,0,533,-75.0,0,0
0,0,185,-8,185,500,0,533,-70.0,0,0
0,0,228,-7,228,500,0,531,-65.0,0,0
0,0,268,-7,268,500,0,530,-60.0,0,0
0,0,307,-7,307,500,0,528,-55.0,0,0
0,0,342,-6,342,500,0,526,-50.0,0,0
0,0,375,-6,375,500,0,524,-45.0,0,0
0,0,404,-5,404,500,0,522,-40.0,0,0
0,0,429,-5,429,500,0,519,-35.0,0,0
0,0,451,-4,451,500,0,517,-30.0,0,0
0,0,469,-3,469,500,0,514,-25.0,0,0
0,0,483,-3,483,500,0,511,-20.0,0,0
0,0,493,-2,493,500,0,509,-15.0,0,0
0,0,499,-1,499,500,0,506,-10.0,0,0
0,0,502,-1,502,500,0,503,-5.0,0,0
0,0,500,0,500,500,0,500,0.0,0,0
0,0,495,1,495,500,0,497,5.0,0,0
0,0,486,1,486,500,0,494,10.0,0,0
0,0,473,2,473,500,0,492,15.0,0,0
0,0,457,2,457,500,0,489,20.0,0,0
0,0,438,3,438,500,0,487,25.0,0,0
0,0,416,4,416,500,0,484,30.0,0,0
0,0,391,4,391,500,0,482,35.0,0,0
0,0,364,5,364,500,0,480,40.0,0,0
0,0,334,5,334,500,0,478,45.0,0,0
0,0,303,5,303,500,0,476,50.0,0,0
0,0,269,6,269,500,0,475,55.0,0,0
0,0,234,6,234,500,0,473,60.0,0,0
0,0,197,6,197,500,0,472,65.0,0,0
0,0,159,7,159,500,0,471,70.0,0,0
0,0,120,7,120,500,0,470,75.0,0,0
0,0,80,7,80,500,0,470,80.0,0,0
0,0,470,0,500,80,7,80,-80.0,0,0
0,0,470,0,500,120,7,120,-75.0,0,0
0,0,471,0,500,159,7,159,-70.0,0,0
0,0,472,0,500,197,6,197,-65.0,0,0
0,0,473,0,500,234,6,234,-60.0,0,0
0,0,475,0,500,269,6,269,-55.0,0,0
0,0,476,0,500,303,5,303,-50.0,0,0
0,0,478,0,500,334,5,334,-45.0,0,0
0,0,480,0,500,364,5,364,-40.0,0,0
0,0,482,0,500,391,4,391,-35.0,0,0
0,0,484,0,500,416,4,416,-30.0,0,0
0,0,487,0,500,438,3,438,-25.0,0,0
0,0,489,0,500,457,2,457,-20.0,0,0
0,0,492,0,500,473,2,473,-15.0,0,0
0,0,494,0,500,486,1,486,-10.0,0,0
0,0,497,0,500,495,1,495,-5.0,0,0
0,0,500,0,500,500,0,500,0.0,0,0
0,0,503,0,500,502,-1,502,5.0,0,0
0,0,506,0,500,499,-1,499,10.0,0,0
0,0,509,0,500,493,-2,493,15.0,0,0
0,0,511,0,500,483,-3,483,20.0,0,0
0,0,514,0,500,469,-3,469,25.0,0,0
0,0,517,0,500,451,-4,451,30.0,0,0
0,0,519,0,500,429,-5,429,35.0,0,0
0,0,522,0,500,404,-5,404,40.0,0,0
0,0,524,0,500,375,-6,375,45.0,0,0
0,0,526,0,500,342,-6,342,50.0,0,0
0,0,528,0,500,307,-7,307,55.0,0,0
0,0,530,0,500,268,-7,268,60.0,0,0
0,0,531,0,500,228,-7,228,65.0,0,0
0,0,533,0,500,185,-8,185,70.0,0,0
0,0,533,0,500,140,-8,140,75.0,0,0
0,0,534,0,499,94,-8,94,80.0,0,0
0,0,80,30,80,500,0,493,-80.0,0,0
0,0,120,29,120,500,0,493,-75.0,0,0
0,0,159,28,159,500,0,493,-70.0,0,0
0,0,197,27,197,500,0,493,-65.0,0,0
0,0,234,26,234,500,0,494,-60.0,0,0
0,0,269,25,269,500,0,494,-55.0,0,0
0,0,303,23,303,500,0,494,-50.0,0,0
0,0,334,22,334,500,0,495,-45.0,0,0
0,0,364,20,364,500,0,495,-40.0,0,0
0,0,391,18,391,500,0,496,-35.0,0,0
0,0,416,16,416,500,0,496,-30.0,0,0
0,0,438,13,438,500,0,497,-25.0,0,0
0,0,457,11,457,500,0,497,-20.0,0,0
0,0,473,8,473,500,0,498,-15.0,0,0
0,0,486,6,486,500,0,499,-10.0,0,0
0,0,495,3,495,500,0,499,-5.0,0,0
0,0,500,0,500,500,0,500,0.0,0,0
0,0,502,-3,502,500,0,501,5.0,0,0
0,0,499,-6,499,500,0,501,10.0,0,0
0,0,493,-9,493,500,0,502,15.0,0,0
0,0,483,-11,483,500,0,503,20.0,0,0
0,0,469,-14,469,500,0,503,25.0,0,0
0,0,451,-17,451,500,0,504,30.0,0,0
0,0,429,-20,429,500,0,504,35.0,0,0
0,0,404,-22,404,500,0,505,40.0,0,0
0,0,375,-24,375,500,0,505,45.0,0,0
0,0,342,-27,342,500,0,506,50.0,0,0
0,0,307,-28,307,500,0,506,55.0,0,0
0,0,268,-30,268,500,0,507,60.0,0,0
0,0,228,-32,228,500,0,507,65.0,0,0
0,0,185,-33,185,500,0,507,70.0,0,0
0,0,140,-34,140,500,0,507,75.0,0,0
0,0,94,-35,94,499,0,507,80.0,0,0
0,0,470,0,463,80,-30,80,-80.0,0,0
0,0,470,0,464,120,-29,120,-75.0,0,0
0,0,471,0,465,159,-28,159,-70.0,0,0
0,0,472,0,466,197,-27,197,-65.0,0,0
0,0,473,0,467,234,-26,234,-60.0,0,0
0,0,475,0,469,269,-25,269,-55.0,0,0
0,0,476,0,471,303,-23,303,-50.0,0,0
0,0,478,0,473,334,-22,334,-45.0,0,0
0,0,480,0,475,364,-20,364,-40.0,0,0
0,0,482,0,478,391,-18,391,-35.0,0,0
0,0,484,0,481,416,-16,416,-30.0,0,0
0,0,487,0,484,438,-13,438,-25.0,0,0
0,0,489,0,487,457,-11,457,-20.0,0,0
0,0,492,0,490,473,-8,473,-15.0,0,0
0,0,494,0,493,486,-6,486,-10.0,0,0
0,0,497,0,497,495,-3,495,-5.0,0,0
0,0,500,0,500,500,0,500,0.0,0,0
0,0,503,0,504,502,3,502,5.0,0,0
0,0,506,0,507,499,6,499,10.0,0,0
0,0,509,0,511,493,9,493,15.0,0,0
0,0,511,0,514,483,11,483,20.0,0,0
0,0,514,0,517,469,14,469,25.0,0,0
0,0,517,0,521,451,17,451,30.0,0,0
0,0,519,0,524,429,20,429,35.0,0,0
0,0,522,0,527,404,22,404,40.0,0,0
0,0,524,0,530,375,24,375,45.0,0,0
0,0,526,0,532,342,27,342,50.0,0,0
0,0,528,0,535,307,28,307,55.0,0,0
0,0,530,0,537,268,30,268,60.0,0,0
0,0,531,0,539,228,32,228,65.0,0,0
0,0,533,0,540,185,33,185,70.0,0,0
0,0,533,0,541,140,34,140,75.0,0,0
0,0,534,0,542,94,35,94,80.0,0,0
0,0,94,35,94,542,0,534,-80.0,0,0
0,0,140,34,140,541,0,533,-75.0,0,0
0,0,185,33,185,540,0,533,-70.0,0,0
0,0,228,32,228,539,0,531,-65.0,0,0
0,0,268,30,268,537,0,530,-60.0,0,0
0,0,307,28,307,535,0,528,-55.0,0,0
0,0,342,27,342,532,0,526,-50.0,0,0
0,0,375,24,375,530,0,524,-45.0,0,0
0,0,404,22,404,527,0,522,-40.0,0,0
0,0,429,20,429,524,0,519,-35.0,0,0
0,0,451,17,451,521,0,517,-30.0,0,0
0,0,469,14,469,517,0,514,-25.0,0,0
0,0,483,11,483,514,0,511,-20.0,0,0
0,0,493,9,493,511,0,509,-15.0,0,0
0,0,499,6,499,507,0,506,-10.0,0,0
0,0,502,3,502,504,0,503,-5.0,0,0
0,0,500,0,500,500,0,500,0.0,0,0
0,0,495,-3,495,497,0,497,5.0,0,0
0,0,486,-6,486,493,0,494,10.0,0,0
0,0,473,-8,473,490,0,492,15.0,0,0
0,0,457,-11,457,487,0,489,20.0,0,0
0,0,438,-13,438,484,0,487,25.0,0,0
0,0,416,-16,416,481,0,484,30.0,0,0
0,0,391,-18,391,478,0,482,35.0,0,0
0,0,364,-20,364,475,0,480,40.0,0,0
0,0,334,-22,334,473,0,478,45.0,0,0
0,0,303,-23,303,471,0,476,50.0,0,0
0,0,269,-25,269,469,0,475,55.0,0,0
0,0,234,-26,234,467,0,473,60.0,0,0
0,0,197,-27,197,466,0,472,65.0,0,0
0,0,159,-28,159,465,0,471,70.0,0,0
0,0,120,-29,120,464,0,470,75.0,0,0
0,0,80,-30,80,463,0,470,80.0,0,0
0,0,513,0,526,96,-14,96,-80.0,0,0
0,0,512,0,526,143,-13,143,-75.0,0,0
0,0,512,0,525,188,-13,188,-70.0,0,0
0,0,512,0,524,232,-12,232,-65.0,0,0
0,0,511,0,523,273,-12,273,-60.0,0,0
0,0,510,0,522,312,-11,312,-55.0,0,0
0,0,510,0,520,348,-10,348,-50.0,0,0
0,0,509,0,518,380,-10,380,-45.0,0,0
0,0,508,0,517,409,-9,409,-40.0,0,0
0,0,507,0,515,434,-8,434,-35.0,0,0
0,0,506,0,513,456,-7,456,-30.0,0,0
0,0,505,0,511,473,-6,473,-25.0,0,0
0,0,504,0,509,486,-4,486,-20.0,0,0
0,0,503,0,507,496,-3,496,-15.0,0,0
0,0,502,0,504,501,-2,501,-10.0,0,0
0,0,501,0,502,502,-1,502,-5.0,0,0
0,0,500,0,500,500,0,500,0.0,0,0
0,0,499,0,498,494,1,494,5.0,0,0
0,0,498,0,496,484,2,484,10.0,0,0
0,0,497,0,494,471,3,471,15.0,0,0
0,0,496,0,492,454,4,454,20.0,0,0
0,0,495,0,490,435,5,435,25.0,0,0
0,0,494,0,488,412,6,412,30.0,0,0
0,0,493,0,486,387,7,387,35.0,0,0
0,0,492,0,485,360,8,360,40.0,0,0
0,0,491,0,483,330,8,330,45.0,0,0
0,0,491,0,482,298,9,298,50.0,0,0
0,0,490,0,481,265,9,265,55.0,0,0
0,0,489,0,479,230,10,230,60.0,0,0
0,0,489,0,479,193,10,193,65.0,0,0
0,0,489,0,478,156,11,156,70.0,0,0
0,0,488,0,477,118,11,118,75.0,0,0
0,0,488,0,477,79,11,79,80.0,0,0
0,0,87,-12,87,476,0,513,-80.0,0,0
0,0,129,-12,129,476,0,512,-75.0,0,0
0,0,171,-12,171,477,0,512,-70.0,0,0
0,0,211,-11,211,478,0,512,-65.0,0,0
0,0,250,-11,250,479,0,511,-60.0,0,0
0,0,287,-10,287,480,0,510,-55.0,0,0
0,0,322,-10,322,481,0,510,-50.0,0,0
0,0,354,-9,354,482,0,509,-45.0,0,0
0,0,383,-8,383,484,0,508,-40.0,0,0
0,0,410,-7,410,486,0,507,-35.0,0,0
0,0,433,-6,433,488,0,506,-30.0,0,0
0,0,453,-5,453,489,0,505,-25.0,0,0
0,0,470,-4,470,491,0,504,-20.0,0,0
0,0,483,-3,483,494,0,503,-15.0,0,0
0,0,492,-2,492,496,0,502,-10.0,0,0
0,0,498,-1,498,498,0,501,-5.0,0,0
0,0,500,0,500,500,0,500,0.0,0,0
0,0,498,1,498,502,0,499,5.0,0,0
0,0,492,2,492,504,0,498,10.0,0,0
0,0,483,3,483,506,0,497,15.0,0,0
0,0,470,4,470,509,0,496,20.0,0,0
0,0,453,5,453,511,0,495,25.0,0,0
0,0,433,6,433,513,0,494,30.0,0,0
0,0,410,7,410,514,0,493,35.0,0,0
0,0,383,8,383,516,0,492,40.0,0,0
0,0,354,9,354,518,0,491,45.0,0,0
0,0,322,10,322,519,0,491,50.0,0,0
0,0,287,10,287,521,0,490,55.0,0,0
0,0,250,11,250,522,0,489,60.0,0,0
0,0,211,11,211,523,0,489,65.0,0,0
0,0,171,12,171,524,0,489,70.0,0,0
0,0,129,12,129,524,0,488,75.0,0,0
0,0,87,12,87,525,0,488,80.0,0,0
0,0,488,0,525,87,12,87,-80.0,0,0
0,0,488,0,524,129,12,129,-75.0,0,0
0,0,489,0,524,171,12,171,-70.0,0,0
0,0,489,0,523,211,11,211,-65.0,0,0
0,0,489,0,522,250,11,250,-60.0,0,0
0,0,490,0,521,287,10,287,-55.0,0,0
0,0,491,0,519,322,10,322,-50.0,0,0
0,0,491,0,518,354,9,354,-45.0,0,0
0,0,492,0,516,383,8,383,-40.0,0,0
0,0,493,0,514,410,7,410,-35.0,0,0
0,0,494,0,513,433,6,433,-30.0,0,0
0,0,495,0,511,453,5,453,-25.0,0,0
0,0,496,0,509,470,4,470,-20.0,0,0
0,0,497,0,506,483,3,483,-15.0,0,0
0,0,498,0,504,492,2,492,-10.0,0,0
0,0,499,0,502,498,1,498,-5.0,0,0
0,0,500,0,500,500,0,500,0.0,0,0
0,0,501,0,498,498,-1,498,5.0,0,0
0,0,502,0,496,492,-2,492,10.0,0,0
0,0,503,0,494,483,-3,483,15.0,0,0
0,0,504,0,491,470,-4,470,20.0,0,0
0,0,505,0,489,453,-5,453,25.0,0,0
0,0,506,0,488,433,-6,433,30.0,0,0
0,0,507,0,486,410,-7,410,35.0,0,0
0,0,508,0,484,383,-8,383,40.0,0,0
0,0,509,0,482,354,-9,354,45.0,0,0
0,0,510,0,481,322,-10,322,50.0,0,0
0,0,510,0,480,287,-10,287,55.0,0,0
0,0,511,0,479,250,-11,250,60.0,0,0
0,0,512,0,478,211,-11,211,65.0,0,0
0,0,512,0,477,171,-12,171,70.0,0,0
0,0,512,0,476,129,-12,129,75.0,0,0
0,0,513,0,476,87,-12,87,80.0,0,0
0,0,79,11,79,477,0,488,-80.0,0,0
0,0,118,11,118,477,0,488,-75.0,0,0
0,0,156,11,156,478,0,489,-70.0,0,0
0,0,193,10,193,479,0,489,-65.0,0,0
0,0,230,10,230,479,0,489,-60.0,0,0
0,0,265,9,265,481,0,490,-55.0,0,0
0,0,298,9,298,482,0,491,-50.0,0,0
0,0,330,8,330,483,0,491,-45.0,0,0
0,0,360,8,360,485,0,492,-40.0,0,0
0,0,387,7,387,486,0,493,-35.0,0,0
0,0,412,6,412,488,0,494,-30.0,0,0
0,0,435,5,435,490,0,495,-25.0,0,0
0,0,454,4,454,492,0,496,-20.0,0,0
0,0,471,3,471,494,0,497,-15.0,0,0
0,0,484,2,484,496,0,498,-10.0,0,0
0,0,494,1,494,498,0,499,-5.0,0,0
0,0,500,0,500,500,0,500,0.0,0,0
0,0,502,-1,502,502,0,501,5.0,0,0
0,0,501,-2,501,504,0,502,10.0,0,0
0,0,496,-3,496,507,0,503,15.0,0,0
0,0,486,-4,486,509,0,504,20.0,0,0
0,0,473,-6,473,511,0,505,25.0,0,0
0,0,456,-7,456,513,0,506,30.0,0,0
0,0,434,-8,434,515,0,507,35.0,0,0
0,0,409,-9,409,517,0,508,40.0,0,0
0,0,380,-10,380,518,0,509,45.0,0,0
0,0,348,-10,348,520,0,510,50.0,0,0
0,0,312,-11,312,522,0,510,55.0,0,0
0,0,273,-12,273,523,0,511,60.0,0,0
0,0,232,-12,232,524,0,512,65.0,0,0
0,0,188,-13,188,525,0,512,70.0,0,0
0,0,143,-13,143,526,0,512,75.0,0,0
0,0,96,-14,96,526,0,513,80.0,0,0
0,0,513,0,554,96,14,96,-80.0,0,0
0,0,512,0,552,143,13,143,-75.0,0,0
0,0,512,0,551,188,13,188,-70.0,0,0
0,0,512,0,549,232,12,232,-65.0,0,0
0,0,511,0,547,273,12,273,-60.0,0,0
0,0,510,0,544,312,11,312,-55.0,0,0
0,0,510,0,541,348,10,348,-50.0,0,0
0,0,509,0,538,380,10,380,-45.0,0,0
0,0,508,0,534,409,9,409,-40.0,0,0
0,0,507,0,530,434,8,434,-35.0,0,0
0,0,506,0,526,456,7,456,-30.0,0,0
0,0,505,0,522,473,6,473,-25.0,0,0
0,0,504,0,518,486,4,486,-20.0,0,0
0,0,503,0,513,496,3,496,-15.0,0,0
0,0,502,0,509,501,2,501,-10.0,0,0
0,0,501,0,504,502,1,502,-5.0,0,0
0,0,500,0,500,500,0,500,0.0,0,0
0,0,499,0,496,494,-1,494,5.0,0,0
0,0,498,0,491,484,-2,484,10.0,0,0
0,0,497,0,487,471,-3,471,15.0,0,0
0,0,496,0,483,454,-4,454,20.0,0,0
0,0,495,0,480,435,-5,435,25.0,0,0
0,0,494,0,476,412,-6,412,30.0,0,0
0,0,493,0,473,387,-7,387,35.0,0,0
0,0,492,0,469,360,-8,360,40.0,0,0
0,0,491,0,467,330,-8,330,45.0,0,0
0,0,491,0,464,298,-9,298,50.0,0,0
0,0,490,0,462,265,-9,265,55.0,0,0
0,0,489,0,460,230,-10,230,60.0,0,0
0,0,489,0,458,193,-10,193,65.0,0,0
0,0,489,0,456,156,-11,156,70.0,0,0
0,0,488,0,455,118,-11,118,75.0,0,0
0,0,488,0,454,79,-11,79,80.0,0,0
0,0,79,-11,79,454,0,488,-80.0,0,0
0,0,118,-11,118,455,0,488,-75.0,0,0
0,0,156,-11,156,456,0,489,-70.0,0,0
0,0,193,-10,193,458,0,489,-65.0,0,0
0,0,230,-10,230,460,0,489,-60.0,0,0
0,0,265,-9,265,462,0,490,-55.0,0,0
0,0,298,-9,298,464,0,491,-50.0,0,0
0,0,330,-8,330,467,0,491,-45.0,0,0
0,0,360,-8,360,469,0,492,-40.0,0,0
0,0,387,-7,387,473,0,493,-35.0,0,0
0,0,412,-6,412,476,0,494,-30.0,0,0
0,0,435,-5,435,480,0,495,-25.0,0,0
0,0,454,-4,454,483,0,496,-20.0,0,0
0,0,471,-3,471,487,0,497,-15.0,0,0
0,0,484,-2,484,491,0,498,-10.0,0,0
0,0,494,-1,494,496,0,499,-5.0,0,0
0,0,500,0,500,500,0,500,0.0,0,0
0,0,502,1,502,504,0,501,5.0,0,0
0,0,501,2,501,509,0,502,10.0,0,0
0,0,496,3,496,513,0,503,15.0,0,0
0,0,486,4,486,518,0,504,20.0,0,0
0,0,473,6,473,522,0,505,25.0,0,0
0,0,456,7,456,526,0,506,30.0,0,0
0,0,434,8,434,530,0,507,35.0,0,0
0,0,409,9,409,534,0,508,40.0,0,0
0,0,380,10,380,538,0,509,45.0,0,0
0,0,348,10,348,541,0,510,50.0,0,0
0,0,312,11,312,544,0,510,55.0,0,0
0,0,273,12,273,547,0,511,60.0,0,0
0,0,232,12,232,549,0,512,65.0,0,0
0,0,188,13,188,551,0,512,70.0,0,0
0,0,143,13,143,552,0,512,75.0,0,0
0,0,96,14,96,554,0,513,80.0,0,0
0,0,513,0,499,96,-41,96,-80.0,0,0
0,0,512,0,499,143,-40,143,-75.0,0,0
0,0,512,0,499,188,-39,188,-70.0,0,0
0,0,512,0,499,232,-37,232,-65.0,0,0
0,0,511,0,499,273,-36,273,-60.0,0,0
0,0,510,0,499,312,-33,312,-55.0,0,0
0,0,510,0,499,348,-31,348,-50.0,0,0
0,0,509,0,499,380,-29,380,-45.0,0,0
0,0,508,0,500,409,-26,409,-40.0,0,0
0,0,507,0,500,434,-23,434,-35.0,0,0
0,0,506,0,500,456,-20,456,-30.0,0,0
0,0,505,0,500,473,-17,473,-25.0,0,0
0,0,504,0,500,486,-13,486,-20.0,0,0
0,0,503,0,500,496,-10,496,-15.0,0,0
0,0,502,0,500,501,-7,501,-10.0,0,0
0,0,501,0,500,502,-3,502,-5.0,0,0
0,0,500,0,500,500,0,500,0.0,0,0
0,0,499,0,500,494,3,494,5.0,0,0
0,0,498,0,500,484,6,484,10.0,0,0
0,0,497,0,500,471,9,471,15.0,0,0
0,0,496,0,500,454,12,454,20.0,0,0
0,0,495,0,500,435,15,435,25.0,0,0
0,0,494,0,500,412,18,412,30.0,0,0
0,0,493,0,500,387,20,387,35.0,0,0
0,0,492,0,500,360,23,360,40.0,0,0
0,0,491,0,500,330,25,330,45.0,0,0
0,0,491,0,499,298,27,298,50.0,0,0
0,0,490,0,499,265,28,265,55.0,0,0
0,0,489,0,499,230,30,230,60.0,0,0
0,0,489,0,499,193,31,193,65.0,0,0
0,0,489,0,499,156,32,156,70.0,0,0
0,0,488,0,499,118,33,118,75.0,0,0
0,0,488,0,499,79,34,79,80.0,0,0
0,0,96,-14,96,499,0,540,-80.0,0,0
0,0,143,-13,143,499,0,539,-75.0,0,0
0,0,188,-13,188,499,0,538,-70.0,0,0
0,0,232,-12,232,499,0,536,-65.0,0,0
0,0,273,-12,273,499,0,535,-60.0,0,0
0,0,312,-11,312,499,0,533,-55.0,0,0
0,0,348,-10,348,499,0,530,-50.0,0,0
0,0,380,-10,380,499,0,528,-45.0,0,0
0,0,409,-9,409,500,0,525,-40.0,0,0
0,0,434,-8,434,500,0,522,-35.0,0,0
0,0,456,-7,456,500,0,519,-30.0,0,0
0,0,473,-6,473,500,0,516,-25.0,0,0
0,0,486,-4,486,500,0,513,-20.0,0,0
0,0,496,-3,496,500,0,510,-15.0,0,0
0,0,501,-2,501,500,0,507,-10.0,0,0
0,0,502,-1,502,500,0,503,-5.0,0,0
0,0,500,0,500,500,0,500,0.0,0,0
0,0,494,1,494,500,0,497,5.0,0,0
0,0,484,2,484,500,0,494,10.0,0,0
0,0,471,3,471,500,0,490,15.0,0,0
0,0,454,4,454,500,0,487,20.0,0,0
0,0,435,5,435,500,0,485,25.0,0,0
0,0,412,6,412,500,0,482,30.0,0,0
0,0,387,7,387,500,0,479,35.0,0,0
0,0,360,8,360,500,0,477,40.0,0,0
0,0,330,8,330,500,0,475,45.0,0,0
0,0,298,9,298,499,0,473,50.0,0,0
0,0,265,9,265,499,0,471,55.0,0,0
0,0,230,10,230,499,0,470,60.0,0,0
0,0,193,10,193,499,0,468,65.0,0,0
0,0,156,11,156,499,0,467,70.0,0,0
0,0,118,11,118,499,0,466,75.0,0,0
0,0,79,11,79,499,0,466,80.0,0,0
0,0,466,0,499,79,11,79,-80.0,0,0
0,0,466,0,499,118,11,118,-75.0,0,0
0,0,467,0,499,156,11,156,-70.0,0,0
0,0,468,0,499,193,10,193,-65.0,0,0
0,0,470,0,499,230,10,230,-60.0,0,0
0,0,471,0,499,265,9,265,-55.0,0,0
0,0,473,0,499,298,9,298,-50.0,0,0
0,0,475,0,500,330,8,330,-45.0,0,0
0,0,477,0,500,360,8,360,-40.0,0,0
0,0,479,0,500,387,7,387,-35.0,0,0
0,0,482,0,500,412,6,412,-30.0,0,0
0,0,485,0,500,435,5,435,-25.0,0,0
0,0,487,0,500,454,4,454,-20.0,0,0
0,0,490,0,500,471,3,471,-15.0,0,0
0,0,494,0,500,484,2,484,-10.0,0,0
0,0,497,0,500,494,1,494,-5.0,0,0
0,0,500,0,500,500,0,500,0.0,0,0
0,0,503,0,500,502,-1,502,5.0,0,0
0,0,507,0,500,501,-2,501,10.0,0,0
0,0,510,0,500,496,-3,496,15.0,0,0
0,0,513,0,500,486,-4,486,20.0,0,0
0,0,516,0,500,473,-6,473,25.0,0,0
0,0,519,0,500,456,-7,456,30.0,0,0
0,0,522,0,500,434,-8,434,35.0,0,0
0,0,525,0,500,409,-9,409,40.0,0,0
0,0,528,0,499,380,-10,380,45.0,0,0
0,0,530,0,499,348,-10,348,50.0,0,0
0,0,533,0,499,312,-11,312,55.0,0,0
0,0,535,0,499,273,-12,273,60.0,0,0
0,0,536,0,499,232,-12,232,65.0,0,0
0,0,538,0,499,188,-13,188,70.0,0,0
0,0,539,0,499,143,-13,143,75.0,0,0
0,0,540,0,499,96,-14,96,80.0,0,0
0,0,79,34,79,499,0,488,-80.0,0,0
0,0,118,33,118,499,0,488,-75.0,0,0
0,0,156,32,156,499,0,489,-70.0,0,0
0,0,193,31,193,499,0,489,-65.0,0,0
0,0,230,30,230,499,0,489,-60.0,0,0
0,0,265,28,265,499,0,490,-55.0,0,0
0,0,298,27,298,499,0,491,-50.0,0,0
0,0,330,25,330,500,0,491,-45.0,0,0
0,0,360,23,360,500,0,492,-40.0,0,0
0,0,387,20,387,500,0,493,-35.0,0,0
0,0,412,18,412,500,0,494,-30.0,0,0
0,0,435,15,435,500,0,495,-25.0,0,0
0,0,454,12,454,500,0,496,-20.0,0,0
0,0,471,9,471,500,0,497,-15.0,0,0
0,0,484,6,484,500,0,498,-10.0,0,0
0,0,494,3,494,500,0,499,-5.0,0,0
0,0,500,0,500,500,0,500,0.0,0,0
0,0,502,-3,502,500,0,501,5.0,0,0
0,0,501,-7,501,500,0,502,10.0,0,0
0,0,496,-10,496,500,0,503,15.0,0,0
0,0,486,-13,486,500,0,504,20.0,0,0
0,0,473,-17,473,500,0,505,25.0,0,0
0,0,456,-20,456,500,0,506,30.0,0,0
0,0,434,-23,434,500,0,507,35.0,0,0
0,0,409,-26,409,500,0,508,40.0,0,0
0,0,380,-29,380,499,0,509,45.0,0,0
0,0,348,-31,348,499,0,510,50.0,0,0
0,0,312,-33,312,499,0,510,55.0,0,0
0,0,273,-36,273,499,0,511,60.0,0,0
0,0,232,-37,232,499,0,512,65.0,0,0
0,0,188,-39,188,499,0,512,70.0,0,0
0,0,143,-40,143,499,0,512,75.0,0,0
0,0,96,-41,96,499,0,513,80.0,0,0
0,0,466,0,454,79,-34,79,-80.0,0,0
0,0,466,0,455,118,-33,118,-75.0,0,0
0,0,467,0,456,156,-32,156,-70.0,0,0
0,0,468,0,458,193,-31,193,-65.0,0,0
0,0,470,0,460,230,-30,230,-60.0,0,0
0,0,471,0,462,265,-28,265,-55.0,0,0
0,0,473,0,464,298,-27,298,-50.0,0,0
0,0,475,0,467,330,-25,330,-45.0,0,0
0,0,477,0,469,360,-23,360,-40.0,0,0
0,0,479,0,473,387,-20,387,-35.0,0,0
0,0,482,0,476,412,-18,412,-30.0,0,0
0,0,485,0,480,435,-15,435,-25.0,0,0
0,0,487,0,483,454,-12,454,-20.0,0,0
0,0,490,0,487,471,-9,471,-15.0,0,0
0,0,494,0,491,484,-6,484,-10.0,0,0
0,0,497,0,496,494,-3,494,-5.0,0,0
0,0,500,0,500,500,0,500,0.0,0,0
0,0,503,0,504,502,3,502,5.0,0,0
0,0,507,0,509,501,7,501,10.0,0,0
0,0,510,0,513,496,10,496,15.0,0,0
0,0,513,0,518,486,13,486,20.0,0,0
0,0,516,0,522,473,17,473,25.0,0,0
0,0,519,0,526,456,20,456,30.0,0,0
0,0,522,0,530,434,23,434,35.0,0,0
0,0,525,0,534,409,26,409,40.0,0,0
0,0,528,0,538,380,29,380,45.0,0,0
0,0,530,0,541,348,31,348,50.0,0,0
0,0,533,0,544,312,33,312,55.0,0,0
0,0,535,0,547,273,36,273,60.0,0,0
0,0,536,0,549,232,37,232,65.0,0,0
0,0,538,0,551,188,39,188,70.0,0,0
0,0,539,0,552,143,40,143,75.0,0,0
0,0,540,0,554,96,41,96,80.0,0,0
0,0,96,41,96,554,0,540,-80.0,0,0
0,0,143,40,143,552,0,539,-75.0,0,0
0,0,188,39,188,551,0,538,-70.0,0,0
0,0,232,37,232,549,0,536,-65.0,0,0
0,0,273,36,273,547,0,535,-60.0,0,0
0,0,312,33,312,544,0,533,-55.0,0,0
0,0,348,31,348,541,0,530,-50.0,0,0
0,0,380,29,380,538,0,528,-45.0,0,0
0,0,409,26,409,534,0,525,-40.0,0,0
0,0,434,23,434,530,0,522,-35.0,0,0
0,0,456,20,456,526,0,519,-30.0,0,0
0,0,473,17,473,522,0,516,-25.0,0,0
0,0,486,13,486,518,0,513,-20.0,0,0
0,0,496,10,496,513,0,510,-15.0,0,0
0,0,501,7,501,509,0,507,-10.0,0,0
0,0,502,3,502,504,0,503,-5.0,0,0
0,0,500,0,500,500,0,500,0.0,0,0
0,0,494,-3,494,496,0,497,5.0,0,0
0,0,484,-6,484,491,0,494,10.0,0,0
0,0,471,-9,471,487,0,490,15.0,0,0
0,0,454,-12,454,483,0,487,20.0,0,0
0,0,435,-15,435,480,0,485,25.0,0,0
0,0,412,-18,412,476,0,482,30.0,0,0
0,0,387,-20,387,473,0,479,35.0,0,0
0,0,360,-23,360,469,0,477,40.0,0,0
0,0,330,-25,330,467,0,475,45.0,0,0
0,0,298,-27,298,464,0,473,50.0,0,0
0,0,265,-28,265,462,0,471,55.0,0,0
0,0,230,-30,230,460,0,470,60.0,0,0
0,0,193,-31,193,458,0,468,65.0,0,0
0,0,156,-32,156,456,0,467,70.0,0,0
0,0,118,-33,118,455,0,466,75.0,0,0
0,0,79,-34,79,454,0,466,80.0,0,0
0,0,513,0,526,96,-14,96,-80.0,0,0
0,0,512,0,526,143,-13,143,-75.0,0,0
0,0,512,0,525,188,-13,188,-70.0,0,0
0,0,512,0,524,232,-12,232,-65.0,0,0
0,0,511,0,523,273,-12,273,-60.0,0,0
0,0,510,0,522,312,-11,312,-55.0,0,0
0,0,510,0,520,348,-10,348,-50.0,0,0
0,0,509,0,518,380,-10,380,-45.0,0,0
0,0,508,0,517,409,-9,409,-40.0,0,0
0,0,507,0,515,434,-8,434,-35.0,0,0
0,0,506,0,513,456,-7,456,-30.0,0,0
0,0,505,0,511,473,-6,473,-25.0,0,0
0,0,504,0,509,486,-4,486,-20.0,0,0
0,0,503,0,507,496,-3,496,-15.0,0,0
0,0,502,0,504,501,-2,501,-10.0,0,0
0,0,501,0,502,502,-1,502,-5.0,0,0
0,0,500,0,500,500,0,500,0.0,0,0
0,0,499,0,498,494,1,494,5.0,0,0
0,0,498,0,496,484,2,484,10.0,0,0
0,0,497,0,494,471,3,471,15.0,0,0
0,0,496,0,492,454,4,454,20.0,0,0
0,0,495,0,490,435,5,435,25.0,0,0
0,0,494,0,488,412,6,412,30.0,0,0
0,0,493,0,486,387,7,387,35.0,0,0
0,0,492,0,485,360,8,360,40.0,0,0
0,0,491,0,483,330,8,330,45.0,0,0
0,0,491,0,482,298,9,298,50.0,0,0
0,0,490,0,481,265,9,265,55.0,0,0
0,0,489,0,479,230,10,230,60.0,0,0
0,0,489,0,479,193,10,193,65.0,0,0
0,0,489,0,478,156,11,156,70.0,0,0
0,0,488,0,477,118,11,118,75.0,0,0
0,0,488,0,477,79,11,79,80.0,0,0
0,0,87,-12,87,476,0,513,-80.0,0,0
0,0,129,-12,129,476,0,512,-75.0,0,0
0,0,171,-12,171,477,0,512,-70.0,0,0
0,0,211,-11,211,478,0,512,-65.0,0,0
0,0,250,-11,250,479,0,511,-60.0,0,0
0,0,287,-10,287,480,0,510,-55.0,0,0
0,0,322,-10,322,481,0,510,-50.0,0,0
0,0,354,-9,354,482,0,509,-45.0,0,0
0,0,383,-8,383,484,0,508,-40.0,0,0
0,0,410,-7,410,486,0,507,-35.0,0,0
0,0,433,-6,433,488,0,506,-30.0,0,0
0,0,453,-5,453,489,0,505,-25.0,0,0
0,0,470,-4,470,491,0,504,-20.0,0,0
0,0,483,-3,483,494,0,503,-15.0,0,0
0,0,492,-2,492,496,0,502,-10.0,0,0
0,0,498,-1,498,498,0,501,-5.0,0,0
0,0,500,0,500,500,0,500,0.0,0,0
0,0,498,1,498,502,0,499,5.0,0,0
0,0,492,2,492,504,0,498,10.0,0,0
0,0,483,3,483,506,0,497,15.0,0,0
0,0,470,4,470,509,0,496,20.0,0,0
0,0,453,5,453,511,0,495,25.0,0,0
0,0,433,6,433,513,0,494,30.0,0,0
0,0,410,7,410,514,0,493,35.0,0,0
0,0,383,8,383,516,0,492,40.0,0,0
0,0,354,9,354,518,0,491,45.0,0,0
0,0,322,10,322,519,0,491,50.0,0,0
0,0,287,10,287,521,0,490,55.0,0,0
0,0,250,11,250,522,0,489,60.0,0,0
0,0,211,11,211,523,0,489,65.0,0,0
0,0,171,12,171,524,0,489,70.0,0,0
0,0,129,12,129,524,0,488,75.0,0,0
0,0,87,12,87,525,0,488,80.0,0,0
0,0,488,0,525,87,12,87,-80.0,0,0
0,0,488,0,524,129,12,129,-75.0,0,0
0,0,489,0,524,171,12,171,-70.0,0,0
0,0,489,0,523,211,11,211,-65.0,0,0
0,0,489,0,522,250,11,250,-60.0,0,0
0,0,490,0,521,287,10,287,-55.0,0,0
0,0,491,0,519,322,10,322,-50.0,0,0
0,0,491,0,518,354,9,354,-45.0,0,0
0,0,492,0,516,383,8,383,-40.0,0,0
0,0,493,0,514,410,7,410,-35.0,0,0
0,0,494,0,513,433,6,433,-30.0,0,0
0,0,495,0,511,453,5,453,-25.0,0,0
0,0,496,0,509,470,4,470,-20.0,0,0
0,0,497,0,506,483,3,483,-15.0,0,0
0,0,498,0,504,492,2,492,-10.0,0,0
0,0,499,0,502,498,1,498,-5.0,0,0
0,0,500,0,500,500,0,500,0.0,0,0
0,0,501,0,498,498,-1,498,5.0,0,0
0,0,502,0,496,492,-2,492,10.0,0,0
0,0,503,0,494,483,-3,483,15.0,0,0
0,0,504,0,491,470,-4,470,20.0,0,0
0,0,505,0,489,453,-5,453,25.0,0,0
0,0,506,0,488,433,-6,433,30.0,0,0
0,0,507,0,486,410,-7,410,35.0,0,0
0,0,508,0,484,383,-8,383,40.0,0,0
0,0,509,0,482,354,-9,354,45.0,0,0
0,0,510,0,481,322,-10,322,50.0,0,0
0,0,510,0,480,287,-10,287,55.0,0,0
0,0,511,0,479,250,-11,250,60.0,0,0
0,0,512,0,478,211,-11,211,65.0,0,0
0,0,512,0,477,171,-12,171,70.0,0,0
0,0,512,0,476,129,-12,129,75.0,0,0
0,0,513,0,476,87,-12,87,80.0,0,0
0,0,79,11,79,477,0,488,-80.0,0,0
0,0,118,11,118,477,0,488,-75.0,0,0
0,0,156,11,156,478,0,489,-70.0,0,0
0,0,193,10,193,479,0,489,-65.0,0,0
0,0,230,10,230,479,0,489,-60.0,0,0
0,0,265,9,265,481,0,490,-55.0,0,0
0,0,298,9,298,482,0,491,-50.0,0,0
0,0,330,8,330,483,0,491,-45.0,0,0
0,0,360,8,360,485,0,492,-40.0,0,0
0,0,387,7,387,486,0,493,-35.0,0,0
0,0,412,6,412,488,0,494,-30.0,0,0
0,0,435,5,435,490,0,495,-25.0,0,0
0,0,454,4,454,492,0,496,-20.0,0,0
0,0,471,3,471,494,0,497,-15.0,0,0
0,0,484,2,484,496,0,498,-10.0,0,0
0,0,494,1,494,498,0,499,-5.0,0,0
0,0,500,0,500,500,0,500,0.0,0,0
0,0,502,-1,502,502,0,501,5.0,0,0
0,0,501,-2,501,504,0,502,10.0,0,0
0,0,496,-3,496,507,0,503,15.0,0,0
0,0,486,-4,486,509,0,504,20.0,0,0
0,0,473,-6,473,511,0,505,25.0,0,0
0,0,456,-7,456,513,0,506,30.0,0,0
0,0,434,-8,434,515,0,507,35.0,0,0
0,0,409,-9,409,517,0,508,40.0,0,0
0,0,380,-10,380,518,0,509,45.0,0,0
0,0,348,-10,348,520,0,510,50.0,0,0
0,0,312,-11,312,522,0,510,55.0,0,0
0,0,273,-12,273,523,0,511,60.0,0,0
0,0,232,-12,232,524,0,512,65.0,0,0
0,0,188,-13,188,525,0,512,70.0,0,0
0,0,143,-13,143,526,0,512,75.0,0,0
0,0,96,-14,96,526,0,513,80.0,0,0
0,0,513,0,554,96,14,96,-80.0,0,0
0,0,512,0,552,143,13,143,-75.0,0,0
0,0,512,0,551,188,13,188,-70.0,0,0
0,0,512,0,549,232,12,232,-65.0,0,0
0,0,511,0,547,273,12,273,-60.0,0,0
0,0,510,0,544,312,11,312,-55.0,0,0
0,0,510,0,541,348,10,348,-50.0,0,0
0,0,509,0,538,380,10,380,-45.0,0,0
0,0,508,0,534,409,9,409,-40.0,0,0
0,0,507,0,530,434,8,434,-35.0,0,0
0,0,506,0,526,456,7,456,-30.0,0,0
0,0,505,0,522,473,6,473,-25.0,0,0
0,0,504,0,518,486,4,486,-20.0,0,0
0,0,503,0,513,496,3,496,-15.0,0,0
0,0,502,0,509,501,2,501,-10.0,0,0
0,0,501,0,504,502,1,502,-5.0,0,0
0,0,500,0,500,500,0,500,0.0,0,0
0,0,499,0,496,494,-1,494,5.0,0,0
0,0,498,0,491,484,-2,484,10.0,0,0
0,0,497,0,487,471,-3,471,15.0,0,0
0,0,496,0,483,454,-4,454,20.0,0,0
0,0,495,0,480,435,-5,435,25.0,0,0
0,0,494,0,476,412,-6,412,30.0,0,0
0,0,493,0,473,387,-7,387,35.0,0,0
0,0,492,0,469,360,-8,360,40.0,0,0
0,0,491,0,467,330,-8,330,45.0,0,0
0,0,491,0,464,298,-9,298,50.0,0,0
0,0,490,0,462,265,-9,265,55.0,0,0
0,0,489,0,460,230,-10,230,60.0,0,0
0,0,489,0,458,193,-10,193,65.0,0,0
0,0,489,0,456,156,-11,156,70.0,0,0
0,0,488,0,455,118,-11,118,75.0,0,0
0,0,488,0,454,79,-11,79,80.0,0,0
0,0,79,-11,79,454,0,488,-80.0,0,0
0,0,118,-11,118,455,0,488,-75.0,0,0
0,0,156,-11,156,456,0,489,-70.0,0,0
0,0,193,-10,193,458,0,489,-65.0,0,0
0,0,230,-10,230,460,0,489,-60.0,0,0
0,0,265,-9,265,462,0,490,-55.0,0,0
0,0,298,-9,298,464,0,491,-50.0,0,0
0,0,330,-8,330,467,0,491,-45.0,0,0
0,0,360,-8,360,469,0,492,-40.0,0,0
0,0,387,-7,387,473,0,493,-35.0,0,0
0,0,412,-6,412,476,0,494,-30.0,0,0
0,0,435,-5,435,480,0,495,-25.0,0,0
0,0,454,-4,454,483,0,496,-20.0,0,0
0,0,471,-3,471,487,0,497,-15.0,0,0
0,0,484,-2,484,491,0,498,-10.0,0,0
0,0,494,-1,494,496,0,499,-5.0,0,0
0,0,500,0,500,500,0,500,0.0,0,0
0,0,502,1,502,504,0,501,5.0,0,0
0,0,501,2,501,509,0,502,10.0,0,0
0,0,496,3,496,513,0,503,15.0,0,0
0,0,486,4,486,518,0,504,20.0,0,0
0,0,473,6,473,522,0,505,25.0,0,0
0,0,456,7,456,526,0,506,30.0,0,0
0,0,434,8,434,530,0,507,35.0,0,0
0,0,409,9,409,534,0,508,40.0,0,0
0,0,380,10,380,538,0,509,45.0,0,0
0,0,348,10,348,541,0,510,50.0,0,0
0,0,312,11,312,544,0,510,55.0,0,0
0,0,273,12,273,547,0,511,60.0,0,0
0,0,232,12,232,549,0,512,65.0,0,0
0,0,188,13,188,551,0,512,70.0,0,0
0,0,143,13,143,552,0,512,75.0,0,0
0,0,96,14,96,554,0,513,80.0,0,0
0,0,513,0,499,96,-41,96,-80.0,0,0
0,0,512,0,499,143,-40,143,-75.0,0,0
0,0,512,0,499,188,-39,188,-70.0,0,0
0,0,512,0,499,232,-37,232,-65.0,0,0
0,0,511,0,499,273,-36,273,-60.0,0,0
0,0,510,0,499,312,-33,312,-55.0,0,0
0,0,510,0,499,348,-31,348,-50.0,0,0
0,0,509,0,499,380,-29,380,-45.0,0,0
0,0,508,0,500,409,-26,409,-40.0,0,0
0,0,507,0,500,434,-23,434,-35.0,0,0
0,0,506,0,500,456,-20,456,-30.0,0,0
0,0,505,0,500,473,-17,473,-25.0,0,0
0,0,504,0,500,486,-13,486,-20.0,0,0
0,0,503,0,500,496,-10,496,-15.0,0,0
0,0,502,0,500,501,-7,501,-10.0,0,0
0,0,501,0,500,502,-3,502,-5.0,0,0
0,0,500,0,500,500,0,500,0.0,0,0
0,0,499,0,500,494,3,494,5.0,0,0
0,0,498,0,500,484,6,484,10.0,0,0
0,0,497,0,500,471,9,471,15.0,0,0
0,0,496,0,500,454,12,454,20.0,0,0
0,0,495,0,500,435,15,435,25.0,0,0
0,0,494,0,500,412,18,412,30.0,0,0
0,0,493,0,500,387,20,387,35.0,0,0
0,0,492,0,500,360,23,360,40.0,0,0
0,0,491,0,500,330,25,330,45.0,0,0
0,0,491,0,499,298,27,298,50.0,0,0
0,0,490,0,499,265,28,265,55.0,0,0
0,0,489,0,499,230,30,230,60.0,0,0
0,0,489,0,499,193,31,193,65.0,0,0
0,0,489,0,499,156,32,156,70.0,0,0
0,0,488,0,499,118,33,118,75.0,0,0
0,0,488,0,499,79,34,79,80.0,0,0
0,0,96,-14,96,499,0,540,-80.0,0,0
0,0,143,-13,143,499,0,539,-75.0,0,0
0,0,188,-13,188,499,0,538,-70.0,0,0
0,0,232,-12,232,499,0,536,-65.0,0,0
0,0,273,-12,273,499,0,535,-60.0,0,0
0,0,312,-11,312,499,0,533,-55.0,0,0
0,0,348,-10,348,499,0,530,-50.0,0,0
0,0,380,-10,380,499,0,528,-45.0,0,0
0,0,409,-9,409,500,0,525,-40.0,0,0
0,0,434,-8,434,500,0,522,-35.0,0,0
0,0,456,-7,456,500,0,519,-30.0,0,0
0,0,473,-6,473,500,0,516,-25.0,0,0
0,0,486,-4,486,500,0,513,-20.0,0,0
0,0,496,-3,496,500,0,510,-15.0,0,0
0,0,501,-2,501,500,0,507,-10.0,0,0
0,0,502,-1,502,500,0,503,-5.0,0,0
0,0,500,0,500,500,0,500,0.0,0,0
0,0,494,1,494,500,0,497,5.0,0,0
0,0,484,2,484,500,0,494,10.0,0,0
0,0,471,3,471,500,0,490,15.0,0,0
0,0,454,4,454,500,0,487,20.0,0,0
0,0,435,5,435,500,0,485,25.0,0,0
0,0,412,6,412,500,0,482,30.0,0,0
0,0,387,7,387,500,0,479,35.0,0,0
0,0,360,8,360,500,0,477,40.0,0,0
0,0,330,8,330,500,0,475,45.0,0,0
0,0,298,9,298,499,0,473,50.0,0,0
0,0,265,9,265,499,0,471,55.0,0,0
0,0,230,10,230,499,0,470,60.0,0,0
0,0,193,10,193,499,0,468,65.0,0,0
0,0,156,11,156,499,0,467,70.0,0,0
0,0,118,11,118,499,0,466,75.0,0,0
0,0,79,11,79,499,0,466,80.0,0,0
0,0,466,0,499,79,11,79,-80.0,0,0
0,0,466,0,499,118,11,118,-75.0,0,0
0,0,467,0,499,156,11,156,-70.0,0,0
0,0,468,0,499,193,10,193,-65.0,0,0
0,0,470,0,499,230,10,230,-60.0,0,0
0,0,471,0,499,265,9,265,-55.0,0,0
0,0,473,0,499,298,9,298,-50.0,0,0
0,0,475,0,500,330,8,330,-45.0,0,0
0,0,477,0,500,360,8,360,-40.0,0,0
0,0,479,0,500,387,7,387,-35.0,0,0
0,0,482,0,500,412,6,412,-30.0,0,0
0,0,485,0,500,435,5,435,-25.0,0,0
0,0,487,0,500,454,4,454,-20.0,0,0
0,0,490,0,500,471,3,471,-15.0,0,0
0,0,494,0,500,484,2,484,-10.0,0,0
0,0,497,0,500,494,1,494,-5.0,0,0
0,0,500,0,500,500,0,500,0.0,0,0
0,0,503,0,500,502,-1,502,5.0,0,0
0,0,507,0,500,501,-2,501,10.0,0,0
0,0,510,0,500,496,-3,496,15.0,0,0
0,0,513,0,500,486,-4,486,20.0,0,0
0,0,516,0,500,473,-6,473,25.0,0,0
0,0,519,0,500,456,-7,456,30.0,0,0
0,0,522,0,500,434,-8,434,35.0,0,0
0,0,525,0,500,409,-9,409,40.0,0,0
0,0,528,0,499,380,-10,380,45.0,0,0
0,0,530,0,499,348,-10,348,50.0,0,0
0,0,533,0,499,312,-11,312,55.0,0,0
0,0,535,0,499,273,-12,273,60.0,0,0
0,0,536,0,499,232,-12,232,65.0,0,0
0,0,538,0,499,188,-13,188,70.0,0,0
0,0,539,0,499,143,-13,143,75.0,0,0
0,0,540,0,499,96,-14,96,80.0,0,0
0,0,79,34,79,499,0,488,-80.0,0,0
0,0,118,33,118,499,0,488,-75.0,0,0
0,0,156,32,156,499,0,489,-70.0,0,0
0,0,193,31,193,499,0,489,-65.0,0,0
0,0,230,30,230,499,0,489,-60.0,0,0
0,0,265,28,265,499,0,490,-55.0,0,0
0,0,298,27,298,499,0,491,-50.0,0,0
0,0,330,25,330,500,0,491,-45.0,0,0
0,0,360,23,360,500,0,492,-40.0,0,0
0,0,387,20,387,500,0,493,-35.0,0,0
0,0,412,18,412,500,0,494,-30.0,0,0
0,0,435,15,435,500,0,495,-25.0,0,0
0,0,454,12,454,500,0,496,-20.0,0,0
0,0,471,9,471,500,0,497,-15.0,0,0
0,0,484,6,484,500,0,498,-10.0,0,0
0,0,494,3,494,500,0,499,-5.0,0,0
0,0,500,0,500,500,0,500,0.0,0,0
0,0,502,-3,502,500,0,501,5.0,0,0
0,0,501,-7,501,500,0,502,10.0,0,0
0,0,496,-10,496,500,0,503,15.0,0,0
0,0,486,-13,486,500,0,504,20.0,0,0
0,0,473,-17,473,500,0,505,25.0,0,0
0,0,456,-20,456,500,0,506,30.0,0,0
0,0,434,-23,434,500,0,507,35.0,0,0
0,0,409,-26,409,500,0,508,40.0,0,0
0,0,380,-29,380,499,0,509,45.0,0,0
0,0,348,-31,348,499,0,510,50.0,0,0
0,0,312,-33,312,499,0,510,55.0,0,0
0,0,273,-36,273,499,0,511,60.0,0,0
0,0,232,-37,232,499,0,512,65.0,0,0
0,0,188,-39,188,499,0,512,70.0,0,0
0,0,143,-40,143,499,0,512,75.0,0,0
0,0,96,-41,96,499,0,513,80.0,0,0
0,0,466,0,454,79,-34,79,-80.0,0,0
0,0,466,0,455,118,-33,118,-75.0,0,0
0,0,467,0,456,156,-32,156,-70.0,0,0
0,0,468,0,458,193,-31,193,-65.0,0,0
0,0,470,0,460,230,-30,230,-60.0,0,0
0,0,471,0,462,265,-28,265,-55.0,0,0
0,0,473,0,464,298,-27,298,-50.0,0,0
0,0,475,0,467,330,-25,330,-45.0,0,0
0,0,477,0,469,360,-23,360,-40.0,0,0
0,0,479,0,473,387,-20,387,-35.0,0,0
0,0,482,0,476,412,-18,412,-30.0,0,0
0,0,485,0,480,435,-15,435,-25.0,0,0
0,0,487,0,483,454,-12,454,-20.0,0,0
0,0,490,0,487,471,-9,471,-15.0,0,0
0,0,494,0,491,484,-6,484,-10.0,0,0
0,0,497,0,496,494,-3,494,-5.0,0,0
0,0,500,0,500,500,0,500,0.0,0,0
0,0,503,0,504,502,3,502,5.0,0,0
0,0,507,0,509,501,7,501,10.0,0,0
0,0,510,0,513,496,10,496,15.0,0,0
0,0,513,0,518,486,13,486,20.0,0,0
0,0,516,0,522,473,17,473,25.0,0,0
0,0,519,0,526,456,20,456,30.0,0,0
0,0,522,0,530,434,23,434,35.0,0,0
0,0,525,0,534,409,26,409,40.0,0,0
0,0,528,0,538,380,29,380,45.0,0,0
0,0,530,0,541,348,31,348,50.0,0,0
0,0,533,0,544,312,33,312,55.0,0,0
0,0,535,0,547,273,36,273,60.0,0,0
0,0,536,0,549,232,37,232,65.0,0,0
0,0,538,0,551,188,39,188,70.0,0,0
0,0,539,0,552,143,40,143,75.0,0,0
0,0,540,0,554,96,41,96,80.0,0,0
0,0,96,41,96,554,0,540,-80.0,0,0
0,0,143,40,143,552,0,539,-75.0,0,0
0,0,188,39,188,551,0,538,-70.0,0,0
0,0,232,37,232,549,0,536,-65.0,0,0
0,0,273,36,273,547,0,535,-60.0,0,0
0,0,312,33,312,544,0,533,-55.0,0,0
0,0,409,26,409,534,0,525,-40.0,0,0
0,0,434,23,434,530,0,522,-35.0,0,0
0,0,456,20,456,526,0,519,-30.0,0,0
0,0,473,17,473,522,0,516,-25.0,0,0
0,0,486,13,486,518,0,513,-20.0,0,0
0,0,496,10,496,513,0,510,-15.0,0,0
0,0,501,7,501,509,0,507,-10.0,0,0
0,0,502,3,502,504,0,503,-5.0,0,0
0,0,500,0,500,500,0,500,0.0,0,0
0,0,494,-3,494,496,0,497,5.0,0,0
0,0,484,-6,484,491,0,494,10.0,0,0
0,0,471,-9,471,487,0,490,15.0,0,0
0,0,454,-12,454,483,0,487,20.0,0,0
0,0,435,-15,435,480,0,485,25.0,0,0
0,0,412,-18,412,476,0,482,30.0,0,0
0,0,387,-20,387,473,0,479,35.0,0,0
0,0,360,-23,360,469,0,477,40.0,0,0
0,0,330,-25,330,467,0,475,45.0,0,0
0,0,298,-27,298,464,0,473,50.0,0,0
0,0,265,-28,265,462,0,471,55.0,0,0
0,0,230,-30,230,460,0,470,60.0,0,0
0,0,193,-31,193,458,0,468,65.0,0,0
0,0,156,-32,156,456,0,467,70.0,0,0
0,0,118,-33,118,455,0,466,75.0,0,0
0,0,79,-34,79,454,0,466,80.0,0,0
0,0,513,0,526,96,-14,96,-80.0,0,0
0,0,512,0,526,143,-13,143,-75.0,0,0
0,0,512,0,525,188,-13,188,-70.0,0,0
0,0,512,0,524,232,-12,232,-65.0,0,0
0,0,511,0,523,273,-12,273,-60.0,0,0
0,0,510,0,522,312,-11,312,-55.0,0,0
0,0,510,0,520,348,-10,348,-50.0,0,0
0,0,509,0,518,380,-10,380,-45.0,0,0
0,0,508,0,517,409,-9,409,-40.0,0,0
0,0,507,0,515,434,-8,434,-35.0,0,0
0,0,506,0,513,456,-7,456,-30.0,0,0
0,0,505,0,511,473,-6,473,-25.0,0,0
0,0,504,0,509,486,-4,486,-20.0,0,0
0,0,503,0,507,496,-3,496,-15.0,0,0
0,0,502,0,504,501,-2,501,-10.0,0,0
0,0,501,0,502,502,-1,502,-5.0,0,0
0,0,500,0,500,500,0,500,0.0,0,0
0,0,499,0,498,494,1,494,5.0,0,0
0,0,498,0,496,484,2,484,10.0,0,0
0,0,497,0,494,471,3,471,15.0,0,0
0,0,496,0,492,454,4,454,20.0,0,0
0,0,495,0,490,435,5,435,25.0,0,0
0,0,494,0,488,412,6,412,30.0,0,0
0,0,493,0,486,387,7,387,35.0,0,0
0,0,492,0,485,360,8,360,40.0,0,0
0,0,491,0,483,330,8,330,45.0,0,0
0,0,491,0,482,298,9,298,50.0,0,0
0,0,490,0,481,265,9,265,55.0,0,0
0,0,489,0,479,230,10,230,60.0,0,0
0,0,489,0,479,193,10,193,65.0,0,0
0,0,489,0,478,156,11,156,70.0,0,0
0,0,488,0,477,118,11,118,75.0,0,0
0,0,488,0,477,79,11,79,80.0,0,0
0,0,87,-12,87,476,0,513,-80.0,0,0
0,0,129,-12,129,476,0,512,-75.0,0,0
0,0,171,-12,171,477,0,512,-70.0,0,0
0,0,211,-11,211,478,0,512,-65.0,0,0
0,0,250,-11,250,479,0,511,-60.0,0,0
0,0,287,-10,287,480,0,510,-55.0,0,0
0,0,322,-10,322,481,0,510,-50.0,0,0
0,0,354,-9,354,482,0,509,-45.0,0,0
0,0,383,-8,383,484,0,508,-40.0,0,0
0,0,410,-7,410,486,0,507,-35.0,0,0
0,0,433,-6,433,488,0,506,-30.0,0,0
0,0,453,-5,453,489,0,505,-25.0,0,0
0,0,470,-4,470,491,0,504,-20.0,0,0
0,0,483,-3,483,494,0,503,-15.0,0,0
0,0,492,-2,492,496,0,502,-10.0,0,0
0,0,498,-1,498,498,0,501,-5.0,0,0
0,0,500,0,500,500,0,500,0.0,0,0
0,0,498,1,498,502,0,499,5.0,0,0
0,0,492,2,492,504,0,498,10.0,0,0
0,0,483,3,483,506,0,497,15.0,0,0
0,0,470,4,470,509,0,496,20.0,0,0
0,0,453,5,453,511,0,495,25.0,0,0
0,0,433,6,433,513,0,494,30.0,0,0
0,0,410,7,410,514,0,493,35.0,0,0
0,0,383,8,383,516,0,492,40.0,0,0
0,0,354,9,354,518,0,491,45.0,0,0
0,0,322,10,322,519,0,491,50.0,0,0
0,0,287,10,287,521,0,490,55.0,0,0
0,0,250,11,250,522,0,489,60.0,0,0
0,0,211,11,211,523,0,489,65.0,0,0
0,0,171,12,171,524,0,489,70.0,0,0
0,0,129,12,129,524,0,488,75.0,0,0
0,0,87,12,87,525,0,488,80.0,0,0
0,0,488,0,525,87,12,87,-80.0,0,0
0,0,488,0,524,129,12,129,-75.0,0,0
0,0,489,0,524,171,12,171,-70.0,0,0
0,0,489,0,523,211,11,211,-65.0,0,0
0,0,489,0,522,250,11,250,-60.0,0,0
0,0,490,0,521,287,10,287,-55.0,0,0
0,0,491,0,519,322,10,322,-50.0,0,0
0,0,491,0,518,354,9,354,-45.0,0,0
0,0,492,0,516,383,8,383,-40.0,0,0
0,0,493,0,514,410,7,410,-35.0,0,0
0,0,494,0,513,433,6,433,-30.0,0,0
0,0,495,0,511,453,5,453,-25.0,0,0
0,0,496,0,509,470,4,470,-20.0,0,0
0,0,497,0,506,483,3,483,-15.0,0,0
0,0,498,0,504,492,2,492,-10.0,0,0
0,0,499,0,502,498,1,498,-5.0,0,0
0,0,500,0,500,500,0,500,0.0,0,0
0,0,501,0,498,498,-1,498,5.0,0,0
0,0,502,0,496,492,-2,492,10.0,0,0
0,0,503,0,494,483,-3,483,15.0,0,0
0,0,504,0,491,470,-4,470,20.0,0,0
0,0,505,0,489,453,-5,453,25.0,0,0
0,0,506,0,488,433,-6,433,30.0,0,0
0,0,507,0,486,410,-7,410,35.0,0,0
0,0,508,0,484,383,-8,383,40.0,0,0
0,0,509,0,482,354,-9,354,45.0,0,0
0,0,510,0,481,322,-10,322,50.0,0,0
0,0,510,0,480,287,-10,287,55.0,0,0
0,0,511,0,479,250,-11,250,60.0,0,0
0,0,512,0,478,211,-11,211,65.0,0,0
0,0,512,0,477,171,-12,171,70.0,0,0
0,0,512,0,476,129,-12,129,75.0,0,0
0,0,513,0,476,87,-12,87,80.0,0,0
0,0,79,11,79,477,0,488,-80.0,0,0
0,0,118,11,118,477,0,488,-75.0,0,0
0,0,156,11,156,478,0,489,-70.0,0,0
0,0,193,10,193,479,0,489,-65.0,0,0
0,0,230,10,230,479,0,489,-60.0,0,0
0,0,265,9,265,481,0,490,-55.0,0,0
0,0,298,9,298,482,0,491,-50.0,0,0
0,0,330,8,330,483,0,491,-45.0,0,0
0,0,360,8,360,485,0,492,-40.0,0,0
0,0,387,7,387,486,0,493,-35.0,0,0
0,0,412,6,412,488,0,494,-30.0,0,0
0,0,435,5,435,490,0,495,-25.0,0,0
0,0,454,4,454,492,0,496,-20.0,0,0
0,0,471,3,471,494,0,497,-15.0,0,0
0,0,484,2,484,496,0,498,-10.0,0,0
0,0,494,1,494,498,0,499,-5.0,0,0
0,0,500,0,500,500,0,500,0.0,0,0
0,0,502,-1,502,502,0,501,5.0,0,0
0,0,501,-2,501,504,0,502,10.0,0,0
0,0,496,-3,496,507,0,503,15.0,0,0
0,0,486,-4,486,509,0,504,20.0,0,0
0,0,473,-6,473,511,0,505,25.0,0,0
0,0,456,-7,456,513,0,506,30.0,0,0
0,0,434,-8,434,515,0,507,35.0,0,0
0,0,409,-9,409,517,0,508,40.0,0,0
0,0,380,-10,380,518,0,509,45.0,0,0
0,0,348,-10,348,520,0,510,50.0,0,0
0,0,312,-11,312,522,0,510,55.0,0,0
0,0,273,-12,273,523,0,511,60.0,0,0
0,0,232,-12,232,524,0,512,65.0,0,0
0,0,188,-13,188,525,0,512,70.0,0,0
0,0,143,-13,143,526,0,512,75.0,0,0
0,0,96,-14,96,526,0,513,80.0,0,0
0,0,513,0,554,96,14,96,-80.0,0,0
0,0,512,0,552,143,13,143,-75.0,0,0
0,0,512,0,551,188,13,188,-70.0,0,0
0,0,512,0,549,232,12,232,-65.0,0,0
0,0,511,0,547,273,12,273,-60.0,0,0
0,0,510,0,544,312,11,312,-55.0,0,0
0,0,510,0,541,348,10,348,-50.0,0,0
0,0,509,0,538,380,10,380,-45.0,0,0
0,0,508,0,534,409,9,409,-40.0,0,0
0,0,507,0,530,434,8,434,-35.0,0,0
0,0,506,0,526,456,7,456,-30.0,0,0
0,0,505,0,522,473,6,473,-25.0,0,0
0,0,504,0,518,486,4,486,-20.0,0,0
0,0,503,0,513,496,3,496,-15.0,0,0
0,0,502,0,509,501,2,501,-10.0,0,0
0,0,501,0,504,502,1,502,-5.0,0,0
0,0,500,0,500,500,0,500,0.0,0,0
0,0,499,0,496,494,-1,494,5.0,0,0
0,0,498,0,491,484,-2,484,10.0,0,0
0,0,497,0,487,471,-3,471,15.0,0,0
0,0,496,0,483,454,-4,454,20.0,0,0
0,0,495,0,480,435,-5,435,25.0,0,0
0,0,494,0,476,412,-6,412,30.0,0,0
0,0,493,0,473,387,-7,387,35.0,0,0
0,0,492,0,469,360,-8,360,40.0,0,0
0,0,491,0,467,330,-8,330,45.0,0,0
0,0,491,0,464,298,-9,298,50.0,0,0
0,0,490,0,462,265,-9,265,55.0,0,0
0,0,489,0,460,230,-10,230,60.0,0,0
0,0,489,0,458,193,-10,193,65.0,0,0
0,0,489,0,456,156,-11,156,70.0,0,0
0,0,488,0,455,118,-11,118,75.0,0,0
0,0,488,0,454,79,-11,79,80.0,0,0
0,0,79,-11,79,454,0,488,-80.0,0,0
0,0,118,-11,118,455,0,488,-75.0,0,0
0,0,156,-11,156,456,0,489,-70.0,0,0
0,0,193,-10,193,458,0,489,-65.0,0,0
0,0,230,-10,230,460,0,489,-60.0,0,0
0,0,265,-9,265,462,0,490,-55.0,0,0
0,0,298,-9,298,464,0,491,-50.0,0,0
0,0,330,-8,330,467,0,491,-45.0,0,0
0,0,360,-8,360,469,0,492,-40.0,0,0
0,0,387,-7,387,473,0,493,-35.0,0,0
0,0,412,-6,412,476,0,494,-30.0,0,0
0,0,435,-5,435,480,0,495,-25.0,0,0
0,0,454,-4,454,483,0,496,-20.0,0,0
0,0,471,-3,471,487,0,497,-15.0,0,0
0,0,484,-2,484,491,0,498,-10.0,0,0
0,0,494,-1,494,496,0,499,-5.0,0,0
0,0,500,0,500,500,0,500,0.0,0,0
0,0,502,1,502,504,0,501,5.0,0,0
0,0,501,2,501,509,0,502,10.0,0,0
0,0,496,3,496,513,0,503,15.0,0,0
0,0,486,4,486,518,0,504,20.0,0,0
0,0,473,6,473,522,0,505,25.0,0,0
0,0,456,7,456,526,0,506,30.0,0,0
0,0,434,8,434,530,0,507,35.0,0,0
0,0,409,9,409,534,0,508,40.0,0,0
0,0,380,10,380,538,0,509,45.0,0,0
0,0,348,10,348,541,0,510,50.0,0,0
0,0,312,11,312,544,0,510,55.0,0,0
0,0,273,12,273,547,0,511,60.0,0,0
0,0,232,12,232,549,0,512,65.0,0,0
0,0,188,13,188,551,0,512,70.0,0,0
0,0,143,13,143,552,0,512,75.0,0,0
0,0,96,14,96,554,0,513,80.0,0,0
0,0,513,0,499,96,-41,96,-80.0,0,0
0,0,512,0,499,143,-40,143,-75.0,0,0
0,0,512,0,499,188,-39,188,-70.0,0,0
0,0,512,0,499,232,-37,232,-65.0,0,0
0,0,511,0,499,273,-36,273,-60.0,0,0
0,0,510,0,499,312,-33,312,-55.0,0,0
0,0,510,0,499,348,-31,348,-50.0,0,0
0,0,509,0,499,380,-29,380,-45.0,0,0
0,0,508,0,500,409,-26,409,-40.0,0,0
0,0,507,0,500,434,-23,434,-35.0,0,0
0,0,506,0,500,456,-20,456,-30.0,0,0
0,0,505,0,500,473,-17,473,-25.0,0,0
0,0,504,0,500,486,-13,486,-20.0,0,0
0,0,503,0,500,496,-10,496,-15.0,0,0
0,0,502,0,500,501,-7,501,-10.0,0,0
0,0,501,0,500,502,-3,502,-5.0,0,0
0,0,500,0,500,500,0,500,0.0,0,0
0,0,499,0,500,494,3,494,5.0,0,0
0,0,498,0,500,484,6,484,10.0,0,0
0,0,497,0,500,471,9,471,15.0,0,0
0,0,496,0,500,454,12,454,20.0,0,0
0,0,495,0,500,435,15,435,25.0,0,0
0,0,494,0,500,412,18,412,30.0,0,0
0,0,493,0,500,387,20,387,35.0,0,0
0,0,492,0,500,360,23,360,40.0,0,0
0,0,491,0,500,330,25,330,45.0,0,0
0,0,491,0,499,298,27,298,50.0,0,0
0,0,490,0,499,265,28,265,55.0,0,0
0,0,489,0,499,230,30,230,60.0,0,0
0,0,489,0,499,193,31,193,65.0,0,0
0,0,489,0,499,156,32,156,70.0,0,0
0,0,488,0,499,118,33,118,75.0,0,0
0,0,488,0,499,79,34,79,80.0,0,0
0,0,96,-14,96,499,0,540,-80.0,0,0
0,0,143,-13,143,499,0,539,-75.0,0,0
0,0,188,-13,188,499,0,538,-70.0,0,0
0,0,232,-12,232,499,0,536,-65.0,0,0
0,0,273,-12,273,499,0,535,-60.0,0,0
0,0,312,-11,312,499,0,533,-55.0,0,0
0,0,348,-10,348,499,0,530,-50.0,0,0
0,0,380,-10,380,499,0,528,-45.0,0,0
0,0,409,-9,409,500,0,525,-40.0,0,0
0,0,434,-8,434,500,0,522,-35.0,0,0
0,0,456,-7,456,500,0,519,-30.0,0,0
0,0,473,-6,473,500,0,516,-25.0,0,0
0,0,486,-4,486,500,0,513,-20.0,0,0
0,0,496,-3,496,500,0,510,-15.0,0,0
0,0,501,-2,501,500,0,507,-10.0,0,0
0,0,502,-1,502,500,0,503,-5.0,0,0
0,0,500,0,500,500,0,500,0.0,0,0
0,0,494,1,494,500,0,497,5.0,0,0
0,0,484,2,484,500,0,494,10.0,0,0
0,0,471,3,471,500,0,490,15.0,0,0
0,0,454,4,454,500,0,487,20.0,0,0
0,0,435,5,435,500,0,485,25.0,0,0
0,0,412,6,412,500,0,482,30.0,0,0
0,0,387,7,387,500,0,479,35.0,0,0
0,0,360,8,360,500,0,477,40.0,0,0
0,0,330,8,330,500,0,475,45.0,0,0
0,0,298,9,298,499,0,473,50.0,0,0
0,0,265,9,265,499,0,471,55.0,0,0
0,0,230,10,230,499,0,470,60.0,0,0
0,0,193,10,193,499,0,468,65.0,0,0
0,0,156,11,156,499,0,467,70.0,0,0
0,0,118,11,118,499,0,466,75.0,0,0
0,0,79,11,79,499,0,466,80.0,0,0
0,0,466,0,499,79,11,79,-80.0,0,0
0,0,466,0,499,118,11,118,-75.0,0,0
0,0,467,0,499,156,11,156,-70.0,0,0
0,0,468,0,499,193,10,193,-65.0,0,0
0,0,470,0,499,230,10,230,-60.0,0,0
0,0,471,0,499,265,9,265,-55.0,0,0
0,0,473,0,499,298,9,298,-50.0,0,0
0,0,475,0,500,330,8,330,-45.0,0,0
0,0,477,0,500,360,8,360,-40.0,0,0
0,0,479,0,500,387,7,387,-35.0,0,0
0,0,482,0,500,412,6,412,-30.0,0,0
0,0,485,0,500,435,5,435,-25.0,0,0
0,0,487,0,500,454,4,454,-20.0,0,0
0,0,490,0,500,471,3,471,-15.0,0,0
0,0,494,0,500,484,2,484,-10.0,0,0
0,0,497,0,500,494,1,494,-5.0,0,0
0,0,500,0,500,500,0,500,0.0,0,0
0,0,503,0,500,502,-1,502,5.0,0,0
0,0,507,0,500,501,-2,501,10.0,0,0
0,0,510,0,500,496,-3,496,15.0,0,0
0,0,513,0,500,486,-4,486,20.0,0,0
0,0,516,0,500,473,-6,473,25.0,0,0
0,0,519,0,500,456,-7,456,30.0,0,0
0,0,522,0,500,434,-8,434,35.0,0,0
0,0,525,0,500,409,-9,409,40.0,0,0
0,0,528,0,499,380,-10,380,45.0,0,0
0,0,530,0,499,348,-10,348,50.0,0,0
0,0,533,0,499,312,-11,312,55.0,0,0
0,0,535,0,499,273,-12,273,60.0,0,0
0,0,536,0,499,232,-12,232,65.0,0,0
0,0,538,0,499,188,-13,188,70.0,0,0
0,0,539,0,499,143,-13,143,75.0,0,0
0,0,540,0,499,96,-14,96,80.0,0,0
0,0,79,34,79,499,0,488,-80.0,0,0
0,0,118,33,118,499,0,488,-75.0,0,0
0,0,156,32,156,499,0,489,-70.0,0,0
0,0,193,31,193,499,0,489,-65.0,0,0
0,0,230,30,230,499,0,489,-60.0,0,0
0,0,265,28,265,499,0,490,-55.0,0,0
0,0,298,27,298,499,0,491,-50.0,0,0
0,0,330,25,330,500,0,491,-45.0,0,0
0,0,360,23,360,500,0,492,-40.0,0,0
0,0,387,20,387,500,0,493,-35.0,0,0
0,0,412,18,412,500,0,494,-30.0,0,0
0,0,435,15,435,500,0,495,-25.0,0,0
0,0,454,12,454,500,0,496,-20.0,0,0
0,0,471,9,471,500,0,497,-15.0,0,0
0,0,484,6,484,500,0,498,-10.0,0,0
0,0,494,3,494,500,0,499,-5.0,0,0
0,0,500,0,500,500,0,500,0.0,0,0
0,0,502,-3,502,500,0,501,5.0,0,0
0,0,501,-7,501,500,0,502,10.0,0,0
0,0,496,-10,496,500,0,503,15.0,0,0
0,0,486,-13,486,500,0,504,20.0,0,0
0,0,473,-17,473,500,0,505,25.0,0,0
0,0,456,-20,456,500,0,506,30.0,0,0
0,0,434,-23,434,500,0,507,35.0,0,0
0,0,409,-26,409,500,0,508,40.0,0,0
0,0,380,-29,380,499,0,509,45.0,0,0
0,0,348,-31,348,499,0,510,50.0,0,0
0,0,312,-33,312,499,0,510,55.0,0,0
0,0,273,-36,273,499,0,511,60.0,0,0
0,0,232,-37,232,499,0,512,65.0,0,0
0,0,188,-39,188,499,0,512,70.0,0,0
0,0,143,-40,143,499,0,512,75.0,0,0
0,0,96,-41,96,499,0,513,80.0,0,0
0,0,466,0,454,79,-34,79,-80.0,0,0
0,0,466,0,455,118,-33,118,-75.0,0,0
0,0,467,0,456,156,-32,156,-70.0,0,0
0,0,468,0,458,193,-31,193,-65.0,0,0
0,0,471,0,462,265,-28,265,-55.0,0,0
0,0,473,0,464,298,-27,298,-50.0,0,0
0,0,475,0,467,330,-25,330,-45.0,0,0
0,0,477,0,469,360,-23,360,-40.0,0,0
0,0,479,0,473,387,-20,387,-35.0,0,0
0,0,482,0,476,412,-18,412,-30.0,0,0
0,0,485,0,480,435,-15,435,-25.0,0,0
0,0,487,0,483,454,-12,454,-20.0,0,0
0,0,490,0,487,471,-9,471,-15.0,0,0
0,0,494,0,491,484,-6,484,-10.0,0,0
0,0,497,0,496,494,-3,494,-5.0,0,0
0,0,500,0,500,500,0,500,0.0,0,0
0,0,503,0,504,502,3,502,5.0,0,0
0,0,507,0,509,501,7,501,10.0,0,0
0,0,510,0,513,496,10,496,15.0,0,0
0,0,513,0,518,486,13,486,20.0,0,0
0,0,516,0,522,473,17,473,25.0,0,0
0,0,519,0,526,456,20,456,30.0,0,0
0,0,522,0,530,434,23,434,35.0,0,0
0,0,525,0,534,409,26,409,40.0,0,0
0,0,528,0,538,380,29,380,45.0,0,0
0,0,530,0,541,348,31,348,50.0,0,0
0,0,533,0,544,312,33,312,55.0,0,0
0,0,535,0,547,273,36,273,60.0,0,0
0,0,536,0,549,232,37,232,65.0,0,0
0,0,538,0,551,188,39,188,70.0,0,0
0,0,539,0,552,143,40,143,75.0,0,0
0,0,540,0,554,96,41,96,80.0,0,0
0,0,96,41,96,554,0,540,-80.0,0,0
0,0,143,40,143,552,0,539,-75.0,0,0
0,0,188,39,188,551,0,538,-70.0,0,0
0,0,232,37,232,549,0,536,-65.0,0,0
0,0,273,36,273,547,0,535,-60.0,0,0
0,0,312,33,312,544,0,533,-55.0,0,0
0,0,348,31,348,541,0,530,-50.0,0,0
0,0,380,29,380,538,0,528,-45.0,0,0
0,0,409,26,409,534,0,525,-40.0,0,0
0,0,434,23,434,530,0,522,-35.0,0,0
0,0,456,20,456,526,0,519,-30.0,0,0
0,0,473,17,473,522,0,516,-25.0,0,0
0,0,486,13,486,518,0,513,-20.0,0,0
0,0,496,10,496,513,0,510,-15.0,0,0
0,0,501,7,501,509,0,507,-10.0,0,0
0,0,502,3,502,504,0,503,-5.0,0,0
0,0,500,0,500,500,0,500,0.0,0,0
0,0,494,-3,494,496,0,497,5.0,0,0
0,0,484,-6,484,491,0,494,10.0,0,0
0,0,471,-9,471,487,0,490,15.0,0,0
0,0,454,-12,454,483,0,487,20.0,0,0
0,0,435,-15,435,480,0,485,25.0,0,0
0,0,412,-18,412,476,0,482,30.0,0,0
0,0,387,-20,387,473,0,479,35.0,0,0
0,0,360,-23,360,469,0,477,40.0,0,0
0,0,330,-25,330,467,0,475,45.0,0,0
0,0,298,-27,298,464,0,473,50.0,0,0
0,0,265,-28,265,462,0,471,55.0,0,0
0,0,230,-30,230,460,0,470,60.0,0,0
0,0,193,-31,193,458,0,468,65.0,0,0
0,0,156,-32,156,456,0,467,70.0,0,0
0,0,118,-33,118,455,0,466,75.0,0,0
0,0,79,-34,79,454,0,466,80.0,0,0